context_level,representation,outer_fold,label,f1
L1,bert,1,0,0.6714975845410629
L1,bert,1,1,0.4051282051282052
L1,bert,1,2,0.6265060240963854
L1,bert,1,3,0.6933333333333334
L1,bert,1,4,0.6683046683046684
L1,bert,1,5,0.5012285012285013
L1,bert,1,6,0.7438423645320198
L1,bert,1,7,0.49489795918367346
L1,bert,1,8,0.3979057591623037
L1,bert,1,9,0.5388349514563107
L1,bert,2,0,0.6403940886699507
L1,bert,2,1,0.40481927710843374
L1,bert,2,2,0.6176470588235293
L1,bert,2,3,0.682051282051282
L1,bert,2,4,0.6618357487922707
L1,bert,2,5,0.544987146529563
L1,bert,2,6,0.74
L1,bert,2,7,0.519280205655527
L1,bert,2,8,0.36049382716049383
L1,bert,2,9,0.5468750000000001
L1,bert,3,0,0.6763990267639903
L1,bert,3,1,0.3759398496240602
L1,bert,3,2,0.5641025641025641
L1,bert,3,3,0.6493506493506493
L1,bert,3,4,0.6354679802955666
L1,bert,3,5,0.583756345177665
L1,bert,3,6,0.7630331753554502
L1,bert,3,7,0.49025069637883006
L1,bert,3,8,0.32458233890214794
L1,bert,3,9,0.526595744680851
L1,bert,4,0,0.6451612903225806
L1,bert,4,1,0.3663366336633664
L1,bert,4,2,0.6511627906976744
L1,bert,4,3,0.6717557251908398
L1,bert,4,4,0.6384039900249376
L1,bert,4,5,0.5533980582524272
L1,bert,4,6,0.7469287469287471
L1,bert,4,7,0.4931506849315069
L1,bert,4,8,0.32569974554707376
L1,bert,4,9,0.5459183673469388
L1,bert,5,0,0.6507177033492824
L1,bert,5,1,0.4267352185089974
L1,bert,5,2,0.5913461538461537
L1,bert,5,3,0.6583541147132169
L1,bert,5,4,0.6871794871794872
L1,bert,5,5,0.5801526717557252
L1,bert,5,6,0.7692307692307692
L1,bert,5,7,0.46486486486486484
L1,bert,5,8,0.46489104116222757
L1,bert,5,9,0.583756345177665
L1,bert,6,0,0.6585365853658537
L1,bert,6,1,0.36082474226804123
L1,bert,6,2,0.642512077294686
L1,bert,6,3,0.6666666666666666
L1,bert,6,4,0.674698795180723
L1,bert,6,5,0.5306122448979592
L1,bert,6,6,0.7349081364829396
L1,bert,6,7,0.5295629820051414
L1,bert,6,8,0.3864734299516908
L1,bert,6,9,0.5586034912718204
L1,bert,7,0,0.6210045662100457
L1,bert,7,1,0.37810945273631846
L1,bert,7,2,0.6074074074074075
L1,bert,7,3,0.668421052631579
L1,bert,7,4,0.681704260651629
L1,bert,7,5,0.5154639175257731
L1,bert,7,6,0.7047146401985112
L1,bert,7,7,0.5463917525773196
L1,bert,7,8,0.35323383084577115
L1,bert,7,9,0.5316455696202531
L1,bert,8,0,0.6750629722921915
L1,bert,8,1,0.401015228426396
L1,bert,8,2,0.6264501160092807
L1,bert,8,3,0.6786632390745502
L1,bert,8,4,0.6347607052896725
L1,bert,8,5,0.5648854961832063
L1,bert,8,6,0.7456790123456789
L1,bert,8,7,0.5541561712846349
L1,bert,8,8,0.3848101265822785
L1,bert,8,9,0.5522388059701493
L1,bert,9,0,0.6146095717884131
L1,bert,9,1,0.45544554455445546
L1,bert,9,2,0.5653206650831354
L1,bert,9,3,0.6531645569620254
L1,bert,9,4,0.673076923076923
L1,bert,9,5,0.5482233502538071
L1,bert,9,6,0.7412935323383085
L1,bert,9,7,0.5173333333333334
L1,bert,9,8,0.3737864077669903
L1,bert,9,9,0.5885416666666666
L1,bert,10,0,0.5940594059405941
L1,bert,10,1,0.35978835978835977
L1,bert,10,2,0.5747663551401869
L1,bert,10,3,0.6855670103092784
L1,bert,10,4,0.6253101736972705
L1,bert,10,5,0.585
L1,bert,10,6,0.7022900763358778
L1,bert,10,7,0.5417721518987343
L1,bert,10,8,0.3922518159806296
L1,bert,10,9,0.5125628140703518
L2,bert,1,0,0.7830188679245284
L2,bert,1,1,0.4688279301745636
L2,bert,1,2,0.7475247524752475
L2,bert,1,3,0.8010752688172043
L2,bert,1,4,0.7665847665847665
L2,bert,1,5,0.7100000000000001
L2,bert,1,6,0.7941176470588236
L2,bert,1,7,0.74934036939314
L2,bert,1,8,0.4787234042553191
L2,bert,1,9,0.6573426573426573
L2,bert,2,0,0.7180722891566265
L2,bert,2,1,0.5604113110539846
L2,bert,2,2,0.7223587223587223
L2,bert,2,3,0.859375
L2,bert,2,4,0.8157248157248156
L2,bert,2,5,0.7009803921568628
L2,bert,2,6,0.8465346534653465
L2,bert,2,7,0.7645569620253165
L2,bert,2,8,0.5380710659898477
L2,bert,2,9,0.6851385390428212
L2,bert,3,0,0.7696078431372549
L2,bert,3,1,0.46004842615012104
L2,bert,3,2,0.7772277227722774
L2,bert,3,3,0.8009828009828011
L2,bert,3,4,0.7932692307692307
L2,bert,3,5,0.6717171717171717
L2,bert,3,6,0.8337468982630273
L2,bert,3,7,0.7268041237113401
L2,bert,3,8,0.4895833333333333
L2,bert,3,9,0.6561679790026247
L2,bert,4,0,0.7476190476190476
L2,bert,4,1,0.4732824427480916
L2,bert,4,2,0.7647058823529411
L2,bert,4,3,0.81
L2,bert,4,4,0.7969924812030076
L2,bert,4,5,0.6861313868613138
L2,bert,4,6,0.825
L2,bert,4,7,0.7086614173228346
L2,bert,4,8,0.5125628140703518
L2,bert,4,9,0.682051282051282
L2,bert,5,0,0.7799043062200957
L2,bert,5,1,0.47567567567567565
L2,bert,5,2,0.7764127764127764
L2,bert,5,3,0.8132992327365729
L2,bert,5,4,0.7843137254901961
L2,bert,5,5,0.6876513317191283
L2,bert,5,6,0.8300970873786407
L2,bert,5,7,0.7297297297297296
L2,bert,5,8,0.5471698113207547
L2,bert,5,9,0.6925064599483204
L2,bert,6,0,0.770780856423174
L2,bert,6,1,0.4305177111716621
L2,bert,6,2,0.75177304964539
L2,bert,6,3,0.8159203980099502
L2,bert,6,4,0.7897435897435898
L2,bert,6,5,0.6563307493540051
L2,bert,6,6,0.7813267813267813
L2,bert,6,7,0.7188264058679708
L2,bert,6,8,0.4691358024691358
L2,bert,6,9,0.6876513317191283
L2,bert,7,0,0.7368421052631577
L2,bert,7,1,0.4444444444444444
L2,bert,7,2,0.7602905569007264
L2,bert,7,3,0.8341232227488151
L2,bert,7,4,0.8229426433915212
L2,bert,7,5,0.6915422885572138
L2,bert,7,6,0.795
L2,bert,7,7,0.7301587301587302
L2,bert,7,8,0.5097087378640777
L2,bert,7,9,0.683937823834197
L2,bert,8,0,0.7804878048780488
L2,bert,8,1,0.49394673123486676
L2,bert,8,2,0.7733990147783252
L2,bert,8,3,0.8363636363636363
L2,bert,8,4,0.7602040816326531
L2,bert,8,5,0.7009803921568628
L2,bert,8,6,0.8009828009828011
L2,bert,8,7,0.754257907542579
L2,bert,8,8,0.4586666666666666
L2,bert,8,9,0.7073791348600508
L2,bert,9,0,0.7512437810945273
L2,bert,9,1,0.5367088607594935
L2,bert,9,2,0.7242206235011989
L2,bert,9,3,0.8168316831683168
L2,bert,9,4,0.7875894988066825
L2,bert,9,5,0.686868686868687
L2,bert,9,6,0.8019323671497584
L2,bert,9,7,0.7253333333333333
L2,bert,9,8,0.4895833333333333
L2,bert,9,9,0.7309644670050761
L2,bert,10,0,0.7336683417085427
L2,bert,10,1,0.5012919896640826
L2,bert,10,2,0.7238095238095238
L2,bert,10,3,0.8112244897959185
L2,bert,10,4,0.7851851851851852
L2,bert,10,5,0.7222222222222222
L2,bert,10,6,0.782828282828283
L2,bert,10,7,0.7229551451187336
L2,bert,10,8,0.495049504950495
L2,bert,10,9,0.6855791962174941
L3,bert,1,0,0.7772511848341231
L3,bert,1,1,0.5576923076923077
L3,bert,1,2,0.78
L3,bert,1,3,0.8556962025316455
L3,bert,1,4,0.8028503562945368
L3,bert,1,5,0.7313432835820894
L3,bert,1,6,0.8459657701711492
L3,bert,1,7,0.7403314917127072
L3,bert,1,8,0.5257452574525746
L3,bert,1,9,0.7475247524752475
L3,bert,2,0,0.7930174563591023
L3,bert,2,1,0.576530612244898
L3,bert,2,2,0.7331670822942644
L3,bert,2,3,0.8637532133676092
L3,bert,2,4,0.8140703517587939
L3,bert,2,5,0.7237163814180929
L3,bert,2,6,0.8845208845208845
L3,bert,2,7,0.746268656716418
L3,bert,2,8,0.5467980295566501
L3,bert,2,9,0.7493670886075949
L3,bert,3,0,0.7761904761904761
L3,bert,3,1,0.5089974293059126
L3,bert,3,2,0.782608695652174
L3,bert,3,3,0.8361858190709046
L3,bert,3,4,0.8009708737864076
L3,bert,3,5,0.6819338422391857
L3,bert,3,6,0.8502415458937198
L3,bert,3,7,0.7315789473684211
L3,bert,3,8,0.4772117962466488
L3,bert,3,9,0.7070707070707072
L3,bert,4,0,0.7648456057007127
L3,bert,4,1,0.5467980295566501
L3,bert,4,2,0.7804878048780488
L3,bert,4,3,0.85785536159601
L3,bert,4,4,0.8431876606683804
L3,bert,4,5,0.7560975609756099
L3,bert,4,6,0.8444444444444444
L3,bert,4,7,0.7365728900255754
L3,bert,4,8,0.5
L3,bert,4,9,0.7235142118863048
L3,bert,5,0,0.7935034802784223
L3,bert,5,1,0.515
L3,bert,5,2,0.7761194029850748
L3,bert,5,3,0.8671679197994988
L3,bert,5,4,0.8029925187032418
L3,bert,5,5,0.7156862745098039
L3,bert,5,6,0.845
L3,bert,5,7,0.7803617571059431
L3,bert,5,8,0.5517241379310345
L3,bert,5,9,0.6994535519125684
L3,bert,6,0,0.7756097560975611
L3,bert,6,1,0.535064935064935
L3,bert,6,2,0.7719298245614035
L3,bert,6,3,0.85
L3,bert,6,4,0.8
L3,bert,6,5,0.7038834951456311
L3,bert,6,6,0.8296296296296296
L3,bert,6,7,0.72544080604534
L3,bert,6,8,0.4909560723514212
L3,bert,6,9,0.7240506329113924
L3,bert,7,0,0.8039702233250621
L3,bert,7,1,0.5129533678756476
L3,bert,7,2,0.7819548872180451
L3,bert,7,3,0.8689320388349514
L3,bert,7,4,0.8333333333333334
L3,bert,7,5,0.7463414634146341
L3,bert,7,6,0.8286445012787724
L3,bert,7,7,0.7826086956521738
L3,bert,7,8,0.5126903553299493
L3,bert,7,9,0.7339901477832513
L3,bert,8,0,0.7830423940149626
L3,bert,8,1,0.5099009900990098
L3,bert,8,2,0.7901234567901235
L3,bert,8,3,0.8447837150127224
L3,bert,8,4,0.7918781725888325
L3,bert,8,5,0.7086247086247086
L3,bert,8,6,0.8361858190709046
L3,bert,8,7,0.7680798004987532
L3,bert,8,8,0.4973544973544973
L3,bert,8,9,0.7150259067357512
L3,bert,9,0,0.7568922305764411
L3,bert,9,1,0.5699745547073791
L3,bert,9,2,0.7566265060240963
L3,bert,9,3,0.858560794044665
L3,bert,9,4,0.82
L3,bert,9,5,0.7848101265822786
L3,bert,9,6,0.8309859154929577
L3,bert,9,7,0.7493540051679586
L3,bert,9,8,0.5287958115183246
L3,bert,9,9,0.72
L3,bert,10,0,0.7703703703703705
L3,bert,10,1,0.5896805896805897
L3,bert,10,2,0.7575757575757575
L3,bert,10,3,0.8644501278772379
L3,bert,10,4,0.80306905370844
L3,bert,10,5,0.7358024691358026
L3,bert,10,6,0.8379052369077306
L3,bert,10,7,0.7401574803149606
L3,bert,10,8,0.535
L3,bert,10,9,0.7092198581560283
L4,bert,1,0,0.7845036319612592
L4,bert,1,1,0.583732057416268
L4,bert,1,2,0.7960199004975126
L4,bert,1,3,0.8746803069053708
L4,bert,1,4,0.7922705314009661
L4,bert,1,5,0.7568922305764411
L4,bert,1,6,0.8468899521531099
L4,bert,1,7,0.7601078167115903
L4,bert,1,8,0.5286103542234333
L4,bert,1,9,0.7518427518427518
L4,bert,2,0,0.7872860635696821
L4,bert,2,1,0.5975308641975308
L4,bert,2,2,0.775
L4,bert,2,3,0.8498727735368956
L4,bert,2,4,0.8329177057356607
L4,bert,2,5,0.7775175644028103
L4,bert,2,6,0.8768472906403941
L4,bert,2,7,0.7715736040609137
L4,bert,2,8,0.5120000000000001
L4,bert,2,9,0.7538461538461538
L4,bert,3,0,0.7766990291262137
L4,bert,3,1,0.5481481481481482
L4,bert,3,2,0.7845036319612592
L4,bert,3,3,0.8206388206388205
L4,bert,3,4,0.8166259168704156
L4,bert,3,5,0.7058823529411764
L4,bert,3,6,0.8729016786570744
L4,bert,3,7,0.7546174142480211
L4,bert,3,8,0.4538258575197889
L4,bert,3,9,0.7164948453608248
L4,bert,4,0,0.7751196172248804
L4,bert,4,1,0.5835294117647059
L4,bert,4,2,0.7960687960687962
L4,bert,4,3,0.880597014925373
L4,bert,4,4,0.8498727735368956
L4,bert,4,5,0.7506172839506172
L4,bert,4,6,0.8778054862842893
L4,bert,4,7,0.7788944723618091
L4,bert,4,8,0.49729729729729727
L4,bert,4,9,0.7244094488188977
L4,bert,5,0,0.8101851851851851
L4,bert,5,1,0.5902439024390244
L4,bert,5,2,0.8179551122194513
L4,bert,5,3,0.8706467661691543
L4,bert,5,4,0.8375634517766498
L4,bert,5,5,0.7681159420289855
L4,bert,5,6,0.8528678304239402
L4,bert,5,7,0.8010204081632654
L4,bert,5,8,0.5721784776902887
L4,bert,5,9,0.7238605898123324
L4,bert,6,0,0.8009828009828011
L4,bert,6,1,0.6
L4,bert,6,2,0.8020050125313284
L4,bert,6,3,0.8746928746928748
L4,bert,6,4,0.8287841191066998
L4,bert,6,5,0.7391304347826086
L4,bert,6,6,0.8369829683698298
L4,bert,6,7,0.7669172932330828
L4,bert,6,8,0.5459459459459459
L4,bert,6,9,0.735
L4,bert,7,0,0.8164251207729468
L4,bert,7,1,0.5586034912718204
L4,bert,7,2,0.7969543147208122
L4,bert,7,3,0.8628428927680798
L4,bert,7,4,0.8325123152709358
L4,bert,7,5,0.7707317073170733
L4,bert,7,6,0.8478802992518704
L4,bert,7,7,0.7886597938144329
L4,bert,7,8,0.5202020202020201
L4,bert,7,9,0.7609254498714654
L4,bert,8,0,0.7841191066997518
L4,bert,8,1,0.5871121718377088
L4,bert,8,2,0.7813267813267813
L4,bert,8,3,0.8535353535353536
L4,bert,8,4,0.8277634961439589
L4,bert,8,5,0.7511737089201878
L4,bert,8,6,0.8710462287104622
L4,bert,8,7,0.7826086956521738
L4,bert,8,8,0.49591280653950953
L4,bert,8,9,0.7058823529411764
L4,bert,9,0,0.7780548628428928
L4,bert,9,1,0.5931372549019609
L4,bert,9,2,0.78
L4,bert,9,3,0.8634146341463415
L4,bert,9,4,0.845771144278607
L4,bert,9,5,0.8058968058968059
L4,bert,9,6,0.8446601941747572
L4,bert,9,7,0.7577319587628866
L4,bert,9,8,0.5157894736842104
L4,bert,9,9,0.7500000000000001
L4,bert,10,0,0.7783251231527093
L4,bert,10,1,0.6447058823529411
L4,bert,10,2,0.7568922305764411
L4,bert,10,3,0.8781725888324873
L4,bert,10,4,0.8161209068010077
L4,bert,10,5,0.7567567567567567
L4,bert,10,6,0.8513853904282116
L4,bert,10,7,0.7578947368421052
L4,bert,10,8,0.5691489361702127
L4,bert,10,9,0.7541766109785203
