context_level,algorithm,representation,outer_fold,label,f1
L1,BiLSTM,precomputed_frozen_bert_token_embeddings,1,0,0.6772009029345372
L1,BiLSTM,precomputed_frozen_bert_token_embeddings,1,1,0.4519015659955257
L1,BiLSTM,precomputed_frozen_bert_token_embeddings,1,2,0.6363636363636365
L1,BiLSTM,precomputed_frozen_bert_token_embeddings,1,3,0.6888888888888889
L1,BiLSTM,precomputed_frozen_bert_token_embeddings,1,4,0.655421686746988
L1,BiLSTM,precomputed_frozen_bert_token_embeddings,1,5,0.5043478260869566
L1,BiLSTM,precomputed_frozen_bert_token_embeddings,1,6,0.7671232876712328
L1,BiLSTM,precomputed_frozen_bert_token_embeddings,1,7,0.4824561403508772
L1,BiLSTM,precomputed_frozen_bert_token_embeddings,1,8,0.3044776119402985
L1,BiLSTM,precomputed_frozen_bert_token_embeddings,1,9,0.5482233502538071
L1,BiLSTM,precomputed_frozen_bert_token_embeddings,2,0,0.6464646464646464
L1,BiLSTM,precomputed_frozen_bert_token_embeddings,2,1,0.4254278728606357
L1,BiLSTM,precomputed_frozen_bert_token_embeddings,2,2,0.5557586837294334
L1,BiLSTM,precomputed_frozen_bert_token_embeddings,2,3,0.6704545454545454
L1,BiLSTM,precomputed_frozen_bert_token_embeddings,2,4,0.6595744680851063
L1,BiLSTM,precomputed_frozen_bert_token_embeddings,2,5,0.544529262086514
L1,BiLSTM,precomputed_frozen_bert_token_embeddings,2,6,0.722488038277512
L1,BiLSTM,precomputed_frozen_bert_token_embeddings,2,7,0.5245098039215687
L1,BiLSTM,precomputed_frozen_bert_token_embeddings,2,8,0.32
L1,BiLSTM,precomputed_frozen_bert_token_embeddings,2,9,0.5754985754985755
L1,BiLSTM,precomputed_frozen_bert_token_embeddings,3,0,0.6545454545454545
L1,BiLSTM,precomputed_frozen_bert_token_embeddings,3,1,0.3870967741935484
L1,BiLSTM,precomputed_frozen_bert_token_embeddings,3,2,0.5914893617021276
L1,BiLSTM,precomputed_frozen_bert_token_embeddings,3,3,0.6346153846153846
L1,BiLSTM,precomputed_frozen_bert_token_embeddings,3,4,0.6046511627906976
L1,BiLSTM,precomputed_frozen_bert_token_embeddings,3,5,0.5605381165919282
L1,BiLSTM,precomputed_frozen_bert_token_embeddings,3,6,0.7474747474747474
L1,BiLSTM,precomputed_frozen_bert_token_embeddings,3,7,0.455026455026455
L1,BiLSTM,precomputed_frozen_bert_token_embeddings,3,8,0.3433242506811989
L1,BiLSTM,precomputed_frozen_bert_token_embeddings,3,9,0.5121293800539084
L1,BiLSTM,precomputed_frozen_bert_token_embeddings,4,0,0.6402116402116401
L1,BiLSTM,precomputed_frozen_bert_token_embeddings,4,1,0.3545706371191136
L1,BiLSTM,precomputed_frozen_bert_token_embeddings,4,2,0.620253164556962
L1,BiLSTM,precomputed_frozen_bert_token_embeddings,4,3,0.6455331412103746
L1,BiLSTM,precomputed_frozen_bert_token_embeddings,4,4,0.6381909547738693
L1,BiLSTM,precomputed_frozen_bert_token_embeddings,4,5,0.5415676959619953
L1,BiLSTM,precomputed_frozen_bert_token_embeddings,4,6,0.7132867132867133
L1,BiLSTM,precomputed_frozen_bert_token_embeddings,4,7,0.4802431610942249
L1,BiLSTM,precomputed_frozen_bert_token_embeddings,4,8,0.348968105065666
L1,BiLSTM,precomputed_frozen_bert_token_embeddings,4,9,0.5393939393939394
L1,BiLSTM,precomputed_frozen_bert_token_embeddings,5,0,0.6575963718820861
L1,BiLSTM,precomputed_frozen_bert_token_embeddings,5,1,0.4449339207048458
L1,BiLSTM,precomputed_frozen_bert_token_embeddings,5,2,0.5917926565874729
L1,BiLSTM,precomputed_frozen_bert_token_embeddings,5,3,0.6465753424657534
L1,BiLSTM,precomputed_frozen_bert_token_embeddings,5,4,0.625
L1,BiLSTM,precomputed_frozen_bert_token_embeddings,5,5,0.5429362880886427
L1,BiLSTM,precomputed_frozen_bert_token_embeddings,5,6,0.7623762376237624
L1,BiLSTM,precomputed_frozen_bert_token_embeddings,5,7,0.4432432432432432
L1,BiLSTM,precomputed_frozen_bert_token_embeddings,5,8,0.3900928792569659
L1,BiLSTM,precomputed_frozen_bert_token_embeddings,5,9,0.5276872964169381
L1,BiLSTM,precomputed_frozen_bert_token_embeddings,6,0,0.6294416243654821
L1,BiLSTM,precomputed_frozen_bert_token_embeddings,6,1,0.3611111111111111
L1,BiLSTM,precomputed_frozen_bert_token_embeddings,6,2,0.6153846153846153
L1,BiLSTM,precomputed_frozen_bert_token_embeddings,6,3,0.6702127659574468
L1,BiLSTM,precomputed_frozen_bert_token_embeddings,6,4,0.6284289276807982
L1,BiLSTM,precomputed_frozen_bert_token_embeddings,6,5,0.5236907730673317
L1,BiLSTM,precomputed_frozen_bert_token_embeddings,6,6,0.7310704960835509
L1,BiLSTM,precomputed_frozen_bert_token_embeddings,6,7,0.514745308310992
L1,BiLSTM,precomputed_frozen_bert_token_embeddings,6,8,0.3822843822843823
L1,BiLSTM,precomputed_frozen_bert_token_embeddings,6,9,0.5353319057815845
L1,BiLSTM,precomputed_frozen_bert_token_embeddings,7,0,0.6412556053811658
L1,BiLSTM,precomputed_frozen_bert_token_embeddings,7,1,0.2857142857142857
L1,BiLSTM,precomputed_frozen_bert_token_embeddings,7,2,0.6048565121412803
L1,BiLSTM,precomputed_frozen_bert_token_embeddings,7,3,0.6378896882494005
L1,BiLSTM,precomputed_frozen_bert_token_embeddings,7,4,0.6313559322033898
L1,BiLSTM,precomputed_frozen_bert_token_embeddings,7,5,0.493368700265252
L1,BiLSTM,precomputed_frozen_bert_token_embeddings,7,6,0.6888361045130641
L1,BiLSTM,precomputed_frozen_bert_token_embeddings,7,7,0.5378590078328981
L1,BiLSTM,precomputed_frozen_bert_token_embeddings,7,8,0.3218997361477572
L1,BiLSTM,precomputed_frozen_bert_token_embeddings,7,9,0.5642458100558659
L1,BiLSTM,precomputed_frozen_bert_token_embeddings,8,0,0.6860158311345647
L1,BiLSTM,precomputed_frozen_bert_token_embeddings,8,1,0.4106666666666667
L1,BiLSTM,precomputed_frozen_bert_token_embeddings,8,2,0.5578947368421053
L1,BiLSTM,precomputed_frozen_bert_token_embeddings,8,3,0.6189473684210526
L1,BiLSTM,precomputed_frozen_bert_token_embeddings,8,4,0.6386138613861386
L1,BiLSTM,precomputed_frozen_bert_token_embeddings,8,5,0.5492227979274611
L1,BiLSTM,precomputed_frozen_bert_token_embeddings,8,6,0.7481662591687042
L1,BiLSTM,precomputed_frozen_bert_token_embeddings,8,7,0.563049853372434
L1,BiLSTM,precomputed_frozen_bert_token_embeddings,8,8,0.3128491620111732
L1,BiLSTM,precomputed_frozen_bert_token_embeddings,8,9,0.5354969574036511
L1,BiLSTM,precomputed_frozen_bert_token_embeddings,9,0,0.5925925925925927
L1,BiLSTM,precomputed_frozen_bert_token_embeddings,9,1,0.4180790960451977
L1,BiLSTM,precomputed_frozen_bert_token_embeddings,9,2,0.5833333333333334
L1,BiLSTM,precomputed_frozen_bert_token_embeddings,9,3,0.6875
L1,BiLSTM,precomputed_frozen_bert_token_embeddings,9,4,0.6843501326259948
L1,BiLSTM,precomputed_frozen_bert_token_embeddings,9,5,0.5642458100558659
L1,BiLSTM,precomputed_frozen_bert_token_embeddings,9,6,0.673960612691466
L1,BiLSTM,precomputed_frozen_bert_token_embeddings,9,7,0.4854881266490765
L1,BiLSTM,precomputed_frozen_bert_token_embeddings,9,8,0.40169133192389
L1,BiLSTM,precomputed_frozen_bert_token_embeddings,9,9,0.5468750000000001
L1,BiLSTM,precomputed_frozen_bert_token_embeddings,10,0,0.6333333333333333
L1,BiLSTM,precomputed_frozen_bert_token_embeddings,10,1,0.3066202090592335
L1,BiLSTM,precomputed_frozen_bert_token_embeddings,10,2,0.55
L1,BiLSTM,precomputed_frozen_bert_token_embeddings,10,3,0.6880000000000001
L1,BiLSTM,precomputed_frozen_bert_token_embeddings,10,4,0.6355140186915889
L1,BiLSTM,precomputed_frozen_bert_token_embeddings,10,5,0.5951219512195122
L1,BiLSTM,precomputed_frozen_bert_token_embeddings,10,6,0.6666666666666667
L1,BiLSTM,precomputed_frozen_bert_token_embeddings,10,7,0.5581395348837209
L1,BiLSTM,precomputed_frozen_bert_token_embeddings,10,8,0.3482587064676616
L1,BiLSTM,precomputed_frozen_bert_token_embeddings,10,9,0.510752688172043
L2,BiLSTM,precomputed_frozen_bert_token_embeddings,1,0,0.7688679245283018
L2,BiLSTM,precomputed_frozen_bert_token_embeddings,1,1,0.4753363228699552
L2,BiLSTM,precomputed_frozen_bert_token_embeddings,1,2,0.735576923076923
L2,BiLSTM,precomputed_frozen_bert_token_embeddings,1,3,0.7862796833773087
L2,BiLSTM,precomputed_frozen_bert_token_embeddings,1,4,0.7668393782383419
L2,BiLSTM,precomputed_frozen_bert_token_embeddings,1,5,0.6882793017456359
L2,BiLSTM,precomputed_frozen_bert_token_embeddings,1,6,0.8059701492537314
L2,BiLSTM,precomputed_frozen_bert_token_embeddings,1,7,0.7035175879396985
L2,BiLSTM,precomputed_frozen_bert_token_embeddings,1,8,0.45
L2,BiLSTM,precomputed_frozen_bert_token_embeddings,1,9,0.6649484536082474
L2,BiLSTM,precomputed_frozen_bert_token_embeddings,2,0,0.76
L2,BiLSTM,precomputed_frozen_bert_token_embeddings,2,1,0.5614754098360656
L2,BiLSTM,precomputed_frozen_bert_token_embeddings,2,2,0.695852534562212
L2,BiLSTM,precomputed_frozen_bert_token_embeddings,2,3,0.8517520215633423
L2,BiLSTM,precomputed_frozen_bert_token_embeddings,2,4,0.794044665012407
L2,BiLSTM,precomputed_frozen_bert_token_embeddings,2,5,0.6964705882352941
L2,BiLSTM,precomputed_frozen_bert_token_embeddings,2,6,0.8395061728395061
L2,BiLSTM,precomputed_frozen_bert_token_embeddings,2,7,0.7475247524752475
L2,BiLSTM,precomputed_frozen_bert_token_embeddings,2,8,0.282258064516129
L2,BiLSTM,precomputed_frozen_bert_token_embeddings,2,9,0.6872037914691943
L2,BiLSTM,precomputed_frozen_bert_token_embeddings,3,0,0.7715736040609137
L2,BiLSTM,precomputed_frozen_bert_token_embeddings,3,1,0.4659685863874345
L2,BiLSTM,precomputed_frozen_bert_token_embeddings,3,2,0.7400881057268722
L2,BiLSTM,precomputed_frozen_bert_token_embeddings,3,3,0.7969924812030076
L2,BiLSTM,precomputed_frozen_bert_token_embeddings,3,4,0.7788461538461539
L2,BiLSTM,precomputed_frozen_bert_token_embeddings,3,5,0.635
L2,BiLSTM,precomputed_frozen_bert_token_embeddings,3,6,0.8214285714285714
L2,BiLSTM,precomputed_frozen_bert_token_embeddings,3,7,0.6649076517150396
L2,BiLSTM,precomputed_frozen_bert_token_embeddings,3,8,0.4836272040302267
L2,BiLSTM,precomputed_frozen_bert_token_embeddings,3,9,0.6718346253229974
L2,BiLSTM,precomputed_frozen_bert_token_embeddings,4,0,0.7421686746987952
L2,BiLSTM,precomputed_frozen_bert_token_embeddings,4,1,0.4919540229885057
L2,BiLSTM,precomputed_frozen_bert_token_embeddings,4,2,0.7146974063400576
L2,BiLSTM,precomputed_frozen_bert_token_embeddings,4,3,0.832904884318766
L2,BiLSTM,precomputed_frozen_bert_token_embeddings,4,4,0.7760416666666667
L2,BiLSTM,precomputed_frozen_bert_token_embeddings,4,5,0.6853146853146852
L2,BiLSTM,precomputed_frozen_bert_token_embeddings,4,6,0.832904884318766
L2,BiLSTM,precomputed_frozen_bert_token_embeddings,4,7,0.6391304347826087
L2,BiLSTM,precomputed_frozen_bert_token_embeddings,4,8,0.4476744186046512
L2,BiLSTM,precomputed_frozen_bert_token_embeddings,4,9,0.6519607843137255
L2,BiLSTM,precomputed_frozen_bert_token_embeddings,5,0,0.7841191066997518
L2,BiLSTM,precomputed_frozen_bert_token_embeddings,5,1,0.4720194647201946
L2,BiLSTM,precomputed_frozen_bert_token_embeddings,5,2,0.7599067599067598
L2,BiLSTM,precomputed_frozen_bert_token_embeddings,5,3,0.8203753351206433
L2,BiLSTM,precomputed_frozen_bert_token_embeddings,5,4,0.7544642857142857
L2,BiLSTM,precomputed_frozen_bert_token_embeddings,5,5,0.6793349168646081
L2,BiLSTM,precomputed_frozen_bert_token_embeddings,5,6,0.8294930875576038
L2,BiLSTM,precomputed_frozen_bert_token_embeddings,5,7,0.7359999999999999
L2,BiLSTM,precomputed_frozen_bert_token_embeddings,5,8,0.5363128491620112
L2,BiLSTM,precomputed_frozen_bert_token_embeddings,5,9,0.6264367816091955
L2,BiLSTM,precomputed_frozen_bert_token_embeddings,6,0,0.7493540051679586
L2,BiLSTM,precomputed_frozen_bert_token_embeddings,6,1,0.453257790368272
L2,BiLSTM,precomputed_frozen_bert_token_embeddings,6,2,0.760493827160494
L2,BiLSTM,precomputed_frozen_bert_token_embeddings,6,3,0.8211586901763224
L2,BiLSTM,precomputed_frozen_bert_token_embeddings,6,4,0.7938931297709924
L2,BiLSTM,precomputed_frozen_bert_token_embeddings,6,5,0.662004662004662
L2,BiLSTM,precomputed_frozen_bert_token_embeddings,6,6,0.7685185185185185
L2,BiLSTM,precomputed_frozen_bert_token_embeddings,6,7,0.7461928934010152
L2,BiLSTM,precomputed_frozen_bert_token_embeddings,6,8,0.4557640750670241
L2,BiLSTM,precomputed_frozen_bert_token_embeddings,6,9,0.691075514874142
L2,BiLSTM,precomputed_frozen_bert_token_embeddings,7,0,0.7363420427553443
L2,BiLSTM,precomputed_frozen_bert_token_embeddings,7,1,0.3450704225352112
L2,BiLSTM,precomputed_frozen_bert_token_embeddings,7,2,0.7637231503579952
L2,BiLSTM,precomputed_frozen_bert_token_embeddings,7,3,0.8153153153153153
L2,BiLSTM,precomputed_frozen_bert_token_embeddings,7,4,0.780045351473923
L2,BiLSTM,precomputed_frozen_bert_token_embeddings,7,5,0.6375545851528384
L2,BiLSTM,precomputed_frozen_bert_token_embeddings,7,6,0.7494456762749444
L2,BiLSTM,precomputed_frozen_bert_token_embeddings,7,7,0.7374301675977653
L2,BiLSTM,precomputed_frozen_bert_token_embeddings,7,8,0.4672364672364672
L2,BiLSTM,precomputed_frozen_bert_token_embeddings,7,9,0.6541554959785522
L2,BiLSTM,precomputed_frozen_bert_token_embeddings,8,0,0.7649769585253456
L2,BiLSTM,precomputed_frozen_bert_token_embeddings,8,1,0.4676056338028169
L2,BiLSTM,precomputed_frozen_bert_token_embeddings,8,2,0.7545219638242894
L2,BiLSTM,precomputed_frozen_bert_token_embeddings,8,3,0.8050632911392405
L2,BiLSTM,precomputed_frozen_bert_token_embeddings,8,4,0.7814207650273224
L2,BiLSTM,precomputed_frozen_bert_token_embeddings,8,5,0.6767241379310345
L2,BiLSTM,precomputed_frozen_bert_token_embeddings,8,6,0.7953488372093024
L2,BiLSTM,precomputed_frozen_bert_token_embeddings,8,7,0.7513227513227513
L2,BiLSTM,precomputed_frozen_bert_token_embeddings,8,8,0.4426666666666667
L2,BiLSTM,precomputed_frozen_bert_token_embeddings,8,9,0.6826923076923077
L2,BiLSTM,precomputed_frozen_bert_token_embeddings,9,0,0.7512437810945273
L2,BiLSTM,precomputed_frozen_bert_token_embeddings,9,1,0.4741641337386018
L2,BiLSTM,precomputed_frozen_bert_token_embeddings,9,2,0.7566265060240963
L2,BiLSTM,precomputed_frozen_bert_token_embeddings,9,3,0.8118811881188118
L2,BiLSTM,precomputed_frozen_bert_token_embeddings,9,4,0.7889447236180904
L2,BiLSTM,precomputed_frozen_bert_token_embeddings,9,5,0.6775956284153004
L2,BiLSTM,precomputed_frozen_bert_token_embeddings,9,6,0.7798165137614678
L2,BiLSTM,precomputed_frozen_bert_token_embeddings,9,7,0.7446808510638298
L2,BiLSTM,precomputed_frozen_bert_token_embeddings,9,8,0.5305263157894737
L2,BiLSTM,precomputed_frozen_bert_token_embeddings,9,9,0.6616541353383459
L2,BiLSTM,precomputed_frozen_bert_token_embeddings,10,0,0.735
L2,BiLSTM,precomputed_frozen_bert_token_embeddings,10,1,0.5476772616136919
L2,BiLSTM,precomputed_frozen_bert_token_embeddings,10,2,0.7305699481865285
L2,BiLSTM,precomputed_frozen_bert_token_embeddings,10,3,0.8162162162162163
L2,BiLSTM,precomputed_frozen_bert_token_embeddings,10,4,0.7505938242280286
L2,BiLSTM,precomputed_frozen_bert_token_embeddings,10,5,0.6928746928746928
L2,BiLSTM,precomputed_frozen_bert_token_embeddings,10,6,0.7494553376906318
L2,BiLSTM,precomputed_frozen_bert_token_embeddings,10,7,0.7272727272727274
L2,BiLSTM,precomputed_frozen_bert_token_embeddings,10,8,0.5189504373177843
L2,BiLSTM,precomputed_frozen_bert_token_embeddings,10,9,0.6787330316742083
L3,BiLSTM,precomputed_frozen_bert_token_embeddings,1,0,0.7621247113163971
L3,BiLSTM,precomputed_frozen_bert_token_embeddings,1,1,0.5533980582524272
L3,BiLSTM,precomputed_frozen_bert_token_embeddings,1,2,0.7548076923076924
L3,BiLSTM,precomputed_frozen_bert_token_embeddings,1,3,0.8534031413612566
L3,BiLSTM,precomputed_frozen_bert_token_embeddings,1,4,0.815347721822542
L3,BiLSTM,precomputed_frozen_bert_token_embeddings,1,5,0.7327188940092165
L3,BiLSTM,precomputed_frozen_bert_token_embeddings,1,6,0.8578811369509043
L3,BiLSTM,precomputed_frozen_bert_token_embeddings,1,7,0.7036144578313253
L3,BiLSTM,precomputed_frozen_bert_token_embeddings,1,8,0.4794952681388013
L3,BiLSTM,precomputed_frozen_bert_token_embeddings,1,9,0.7286821705426357
L3,BiLSTM,precomputed_frozen_bert_token_embeddings,2,0,0.7979274611398963
L3,BiLSTM,precomputed_frozen_bert_token_embeddings,2,1,0.6217391304347826
L3,BiLSTM,precomputed_frozen_bert_token_embeddings,2,2,0.7041036717062634
L3,BiLSTM,precomputed_frozen_bert_token_embeddings,2,3,0.826530612244898
L3,BiLSTM,precomputed_frozen_bert_token_embeddings,2,4,0.8160000000000001
L3,BiLSTM,precomputed_frozen_bert_token_embeddings,2,5,0.7488151658767773
L3,BiLSTM,precomputed_frozen_bert_token_embeddings,2,6,0.8459770114942528
L3,BiLSTM,precomputed_frozen_bert_token_embeddings,2,7,0.7708894878706198
L3,BiLSTM,precomputed_frozen_bert_token_embeddings,2,8,0.4671052631578947
L3,BiLSTM,precomputed_frozen_bert_token_embeddings,2,9,0.7346938775510204
L3,BiLSTM,precomputed_frozen_bert_token_embeddings,3,0,0.7743467933491686
L3,BiLSTM,precomputed_frozen_bert_token_embeddings,3,1,0.4294478527607362
L3,BiLSTM,precomputed_frozen_bert_token_embeddings,3,2,0.7746478873239435
L3,BiLSTM,precomputed_frozen_bert_token_embeddings,3,3,0.8132387706855791
L3,BiLSTM,precomputed_frozen_bert_token_embeddings,3,4,0.7777777777777778
L3,BiLSTM,precomputed_frozen_bert_token_embeddings,3,5,0.6915422885572138
L3,BiLSTM,precomputed_frozen_bert_token_embeddings,3,6,0.8298368298368299
L3,BiLSTM,precomputed_frozen_bert_token_embeddings,3,7,0.7086614173228346
L3,BiLSTM,precomputed_frozen_bert_token_embeddings,3,8,0.5141509433962265
L3,BiLSTM,precomputed_frozen_bert_token_embeddings,3,9,0.7311827956989247
L3,BiLSTM,precomputed_frozen_bert_token_embeddings,4,0,0.7586206896551723
L3,BiLSTM,precomputed_frozen_bert_token_embeddings,4,1,0.5473684210526315
L3,BiLSTM,precomputed_frozen_bert_token_embeddings,4,2,0.7755102040816326
L3,BiLSTM,precomputed_frozen_bert_token_embeddings,4,3,0.8607594936708861
L3,BiLSTM,precomputed_frozen_bert_token_embeddings,4,4,0.8316326530612245
L3,BiLSTM,precomputed_frozen_bert_token_embeddings,4,5,0.7311320754716981
L3,BiLSTM,precomputed_frozen_bert_token_embeddings,4,6,0.855036855036855
L3,BiLSTM,precomputed_frozen_bert_token_embeddings,4,7,0.7109207708779444
L3,BiLSTM,precomputed_frozen_bert_token_embeddings,4,8,0.5272206303724929
L3,BiLSTM,precomputed_frozen_bert_token_embeddings,4,9,0.6906474820143884
L3,BiLSTM,precomputed_frozen_bert_token_embeddings,5,0,0.7945205479452055
L3,BiLSTM,precomputed_frozen_bert_token_embeddings,5,1,0.5037406483790525
L3,BiLSTM,precomputed_frozen_bert_token_embeddings,5,2,0.8019093078758951
L3,BiLSTM,precomputed_frozen_bert_token_embeddings,5,3,0.8706467661691543
L3,BiLSTM,precomputed_frozen_bert_token_embeddings,5,4,0.8095238095238095
L3,BiLSTM,precomputed_frozen_bert_token_embeddings,5,5,0.7116883116883117
L3,BiLSTM,precomputed_frozen_bert_token_embeddings,5,6,0.8441247002398082
L3,BiLSTM,precomputed_frozen_bert_token_embeddings,5,7,0.7647058823529413
L3,BiLSTM,precomputed_frozen_bert_token_embeddings,5,8,0.580952380952381
L3,BiLSTM,precomputed_frozen_bert_token_embeddings,5,9,0.6666666666666666
L3,BiLSTM,precomputed_frozen_bert_token_embeddings,6,0,0.7506426735218509
L3,BiLSTM,precomputed_frozen_bert_token_embeddings,6,1,0.5355648535564854
L3,BiLSTM,precomputed_frozen_bert_token_embeddings,6,2,0.7731481481481481
L3,BiLSTM,precomputed_frozen_bert_token_embeddings,6,3,0.818941504178273
L3,BiLSTM,precomputed_frozen_bert_token_embeddings,6,4,0.780246913580247
L3,BiLSTM,precomputed_frozen_bert_token_embeddings,6,5,0.6779661016949153
L3,BiLSTM,precomputed_frozen_bert_token_embeddings,6,6,0.7973856209150326
L3,BiLSTM,precomputed_frozen_bert_token_embeddings,6,7,0.7506702412868632
L3,BiLSTM,precomputed_frozen_bert_token_embeddings,6,8,0.4332344213649851
L3,BiLSTM,precomputed_frozen_bert_token_embeddings,6,9,0.7004830917874396
L3,BiLSTM,precomputed_frozen_bert_token_embeddings,7,0,0.78743961352657
L3,BiLSTM,precomputed_frozen_bert_token_embeddings,7,1,0.4958217270194986
L3,BiLSTM,precomputed_frozen_bert_token_embeddings,7,2,0.7780429594272076
L3,BiLSTM,precomputed_frozen_bert_token_embeddings,7,3,0.831858407079646
L3,BiLSTM,precomputed_frozen_bert_token_embeddings,7,4,0.8367816091954023
L3,BiLSTM,precomputed_frozen_bert_token_embeddings,7,5,0.7074235807860262
L3,BiLSTM,precomputed_frozen_bert_token_embeddings,7,6,0.830379746835443
L3,BiLSTM,precomputed_frozen_bert_token_embeddings,7,7,0.7576601671309194
L3,BiLSTM,precomputed_frozen_bert_token_embeddings,7,8,0.463855421686747
L3,BiLSTM,precomputed_frozen_bert_token_embeddings,7,9,0.7108753315649868
L3,BiLSTM,precomputed_frozen_bert_token_embeddings,8,0,0.7534626038781165
L3,BiLSTM,precomputed_frozen_bert_token_embeddings,8,1,0.4958217270194986
L3,BiLSTM,precomputed_frozen_bert_token_embeddings,8,2,0.7823834196891192
L3,BiLSTM,precomputed_frozen_bert_token_embeddings,8,3,0.8467532467532468
L3,BiLSTM,precomputed_frozen_bert_token_embeddings,8,4,0.7890818858560794
L3,BiLSTM,precomputed_frozen_bert_token_embeddings,8,5,0.7176781002638521
L3,BiLSTM,precomputed_frozen_bert_token_embeddings,8,6,0.8426150121065376
L3,BiLSTM,precomputed_frozen_bert_token_embeddings,8,7,0.7901234567901235
L3,BiLSTM,precomputed_frozen_bert_token_embeddings,8,8,0.5434298440979954
L3,BiLSTM,precomputed_frozen_bert_token_embeddings,8,9,0.6695652173913044
L3,BiLSTM,precomputed_frozen_bert_token_embeddings,9,0,0.7733990147783252
L3,BiLSTM,precomputed_frozen_bert_token_embeddings,9,1,0.5408450704225352
L3,BiLSTM,precomputed_frozen_bert_token_embeddings,9,2,0.7441860465116279
L3,BiLSTM,precomputed_frozen_bert_token_embeddings,9,3,0.836027713625866
L3,BiLSTM,precomputed_frozen_bert_token_embeddings,9,4,0.8108108108108107
L3,BiLSTM,precomputed_frozen_bert_token_embeddings,9,5,0.7830188679245284
L3,BiLSTM,precomputed_frozen_bert_token_embeddings,9,6,0.8468899521531099
L3,BiLSTM,precomputed_frozen_bert_token_embeddings,9,7,0.7480519480519481
L3,BiLSTM,precomputed_frozen_bert_token_embeddings,9,8,0.5242165242165243
L3,BiLSTM,precomputed_frozen_bert_token_embeddings,9,9,0.7188940092165899
L3,BiLSTM,precomputed_frozen_bert_token_embeddings,10,0,0.7621359223300971
L3,BiLSTM,precomputed_frozen_bert_token_embeddings,10,1,0.5925925925925926
L3,BiLSTM,precomputed_frozen_bert_token_embeddings,10,2,0.6823529411764706
L3,BiLSTM,precomputed_frozen_bert_token_embeddings,10,3,0.858611825192802
L3,BiLSTM,precomputed_frozen_bert_token_embeddings,10,4,0.7611548556430446
L3,BiLSTM,precomputed_frozen_bert_token_embeddings,10,5,0.7339901477832513
L3,BiLSTM,precomputed_frozen_bert_token_embeddings,10,6,0.738095238095238
L3,BiLSTM,precomputed_frozen_bert_token_embeddings,10,7,0.7058823529411764
L3,BiLSTM,precomputed_frozen_bert_token_embeddings,10,8,0.5325077399380805
L3,BiLSTM,precomputed_frozen_bert_token_embeddings,10,9,0.6834170854271356
L4,BiLSTM,precomputed_frozen_bert_token_embeddings,1,0,0.7648456057007127
L4,BiLSTM,precomputed_frozen_bert_token_embeddings,1,1,0.5835294117647059
L4,BiLSTM,precomputed_frozen_bert_token_embeddings,1,2,0.780246913580247
L4,BiLSTM,precomputed_frozen_bert_token_embeddings,1,3,0.8658227848101265
L4,BiLSTM,precomputed_frozen_bert_token_embeddings,1,4,0.7989130434782609
L4,BiLSTM,precomputed_frozen_bert_token_embeddings,1,5,0.7566265060240963
L4,BiLSTM,precomputed_frozen_bert_token_embeddings,1,6,0.8299319727891156
L4,BiLSTM,precomputed_frozen_bert_token_embeddings,1,7,0.7031963470319635
L4,BiLSTM,precomputed_frozen_bert_token_embeddings,1,8,0.419047619047619
L4,BiLSTM,precomputed_frozen_bert_token_embeddings,1,9,0.7639257294429708
L4,BiLSTM,precomputed_frozen_bert_token_embeddings,2,0,0.7743467933491686
L4,BiLSTM,precomputed_frozen_bert_token_embeddings,2,1,0.6315789473684211
L4,BiLSTM,precomputed_frozen_bert_token_embeddings,2,2,0.7535545023696683
L4,BiLSTM,precomputed_frozen_bert_token_embeddings,2,3,0.8659793814432989
L4,BiLSTM,precomputed_frozen_bert_token_embeddings,2,4,0.8307692307692308
L4,BiLSTM,precomputed_frozen_bert_token_embeddings,2,5,0.7525987525987525
L4,BiLSTM,precomputed_frozen_bert_token_embeddings,2,6,0.8721804511278195
L4,BiLSTM,precomputed_frozen_bert_token_embeddings,2,7,0.7846153846153846
L4,BiLSTM,precomputed_frozen_bert_token_embeddings,2,8,0.4709480122324159
L4,BiLSTM,precomputed_frozen_bert_token_embeddings,2,9,0.7417582417582418
L4,BiLSTM,precomputed_frozen_bert_token_embeddings,3,0,0.7957559681697612
L4,BiLSTM,precomputed_frozen_bert_token_embeddings,3,1,0.478134110787172
L4,BiLSTM,precomputed_frozen_bert_token_embeddings,3,2,0.7868131868131868
L4,BiLSTM,precomputed_frozen_bert_token_embeddings,3,3,0.8113207547169812
L4,BiLSTM,precomputed_frozen_bert_token_embeddings,3,4,0.7661469933184856
L4,BiLSTM,precomputed_frozen_bert_token_embeddings,3,5,0.7346938775510204
L4,BiLSTM,precomputed_frozen_bert_token_embeddings,3,6,0.8679245283018867
L4,BiLSTM,precomputed_frozen_bert_token_embeddings,3,7,0.7258883248730965
L4,BiLSTM,precomputed_frozen_bert_token_embeddings,3,8,0.4265734265734265
L4,BiLSTM,precomputed_frozen_bert_token_embeddings,3,9,0.6710526315789473
L4,BiLSTM,precomputed_frozen_bert_token_embeddings,4,0,0.79126213592233
L4,BiLSTM,precomputed_frozen_bert_token_embeddings,4,1,0.5876543209876544
L4,BiLSTM,precomputed_frozen_bert_token_embeddings,4,2,0.7570332480818416
L4,BiLSTM,precomputed_frozen_bert_token_embeddings,4,3,0.8387096774193548
L4,BiLSTM,precomputed_frozen_bert_token_embeddings,4,4,0.8536585365853658
L4,BiLSTM,precomputed_frozen_bert_token_embeddings,4,5,0.7447306791569086
L4,BiLSTM,precomputed_frozen_bert_token_embeddings,4,6,0.8678304239401496
L4,BiLSTM,precomputed_frozen_bert_token_embeddings,4,7,0.7415730337078652
L4,BiLSTM,precomputed_frozen_bert_token_embeddings,4,8,0.4812499999999999
L4,BiLSTM,precomputed_frozen_bert_token_embeddings,4,9,0.7338129496402876
L4,BiLSTM,precomputed_frozen_bert_token_embeddings,5,0,0.7972972972972973
L4,BiLSTM,precomputed_frozen_bert_token_embeddings,5,1,0.5203252032520325
L4,BiLSTM,precomputed_frozen_bert_token_embeddings,5,2,0.7780320366132724
L4,BiLSTM,precomputed_frozen_bert_token_embeddings,5,3,0.8688946015424165
L4,BiLSTM,precomputed_frozen_bert_token_embeddings,5,4,0.845771144278607
L4,BiLSTM,precomputed_frozen_bert_token_embeddings,5,5,0.7512690355329948
L4,BiLSTM,precomputed_frozen_bert_token_embeddings,5,6,0.8545034642032332
L4,BiLSTM,precomputed_frozen_bert_token_embeddings,5,7,0.7637362637362637
L4,BiLSTM,precomputed_frozen_bert_token_embeddings,5,8,0.6000000000000001
L4,BiLSTM,precomputed_frozen_bert_token_embeddings,5,9,0.7134146341463414
L4,BiLSTM,precomputed_frozen_bert_token_embeddings,6,0,0.7537688442211055
L4,BiLSTM,precomputed_frozen_bert_token_embeddings,6,1,0.5697211155378485
L4,BiLSTM,precomputed_frozen_bert_token_embeddings,6,2,0.7888040712468193
L4,BiLSTM,precomputed_frozen_bert_token_embeddings,6,3,0.8601036269430051
L4,BiLSTM,precomputed_frozen_bert_token_embeddings,6,4,0.8181818181818183
L4,BiLSTM,precomputed_frozen_bert_token_embeddings,6,5,0.7204301075268817
L4,BiLSTM,precomputed_frozen_bert_token_embeddings,6,6,0.839907192575406
L4,BiLSTM,precomputed_frozen_bert_token_embeddings,6,7,0.8010610079575596
L4,BiLSTM,precomputed_frozen_bert_token_embeddings,6,8,0.4216867469879518
L4,BiLSTM,precomputed_frozen_bert_token_embeddings,6,9,0.7215496368038741
L4,BiLSTM,precomputed_frozen_bert_token_embeddings,7,0,0.8046511627906976
L4,BiLSTM,precomputed_frozen_bert_token_embeddings,7,1,0.5469613259668509
L4,BiLSTM,precomputed_frozen_bert_token_embeddings,7,2,0.7648456057007127
L4,BiLSTM,precomputed_frozen_bert_token_embeddings,7,3,0.8449438202247191
L4,BiLSTM,precomputed_frozen_bert_token_embeddings,7,4,0.8309859154929577
L4,BiLSTM,precomputed_frozen_bert_token_embeddings,7,5,0.7174887892376682
L4,BiLSTM,precomputed_frozen_bert_token_embeddings,7,6,0.8592592592592593
L4,BiLSTM,precomputed_frozen_bert_token_embeddings,7,7,0.7704485488126649
L4,BiLSTM,precomputed_frozen_bert_token_embeddings,7,8,0.4383561643835616
L4,BiLSTM,precomputed_frozen_bert_token_embeddings,7,9,0.7309644670050761
L4,BiLSTM,precomputed_frozen_bert_token_embeddings,8,0,0.7595628415300545
L4,BiLSTM,precomputed_frozen_bert_token_embeddings,8,1,0.5105263157894737
L4,BiLSTM,precomputed_frozen_bert_token_embeddings,8,2,0.7671232876712328
L4,BiLSTM,precomputed_frozen_bert_token_embeddings,8,3,0.8454106280193237
L4,BiLSTM,precomputed_frozen_bert_token_embeddings,8,4,0.8302872062663185
L4,BiLSTM,precomputed_frozen_bert_token_embeddings,8,5,0.7486033519553073
L4,BiLSTM,precomputed_frozen_bert_token_embeddings,8,6,0.8768472906403941
L4,BiLSTM,precomputed_frozen_bert_token_embeddings,8,7,0.7738927738927739
L4,BiLSTM,precomputed_frozen_bert_token_embeddings,8,8,0.4999999999999999
L4,BiLSTM,precomputed_frozen_bert_token_embeddings,8,9,0.6932084309133489
L4,BiLSTM,precomputed_frozen_bert_token_embeddings,9,0,0.7751196172248804
L4,BiLSTM,precomputed_frozen_bert_token_embeddings,9,1,0.4771241830065359
L4,BiLSTM,precomputed_frozen_bert_token_embeddings,9,2,0.7621621621621621
L4,BiLSTM,precomputed_frozen_bert_token_embeddings,9,3,0.8471177944862155
L4,BiLSTM,precomputed_frozen_bert_token_embeddings,9,4,0.8270676691729322
L4,BiLSTM,precomputed_frozen_bert_token_embeddings,9,5,0.7744874715261959
L4,BiLSTM,precomputed_frozen_bert_token_embeddings,9,6,0.8463356973995272
L4,BiLSTM,precomputed_frozen_bert_token_embeddings,9,7,0.7666666666666666
L4,BiLSTM,precomputed_frozen_bert_token_embeddings,9,8,0.5582524271844661
L4,BiLSTM,precomputed_frozen_bert_token_embeddings,9,9,0.7294685990338164
L4,BiLSTM,precomputed_frozen_bert_token_embeddings,10,0,0.7793427230046949
L4,BiLSTM,precomputed_frozen_bert_token_embeddings,10,1,0.6229508196721312
L4,BiLSTM,precomputed_frozen_bert_token_embeddings,10,2,0.6869300911854103
L4,BiLSTM,precomputed_frozen_bert_token_embeddings,10,3,0.8688946015424165
L4,BiLSTM,precomputed_frozen_bert_token_embeddings,10,4,0.7970297029702971
L4,BiLSTM,precomputed_frozen_bert_token_embeddings,10,5,0.7737226277372262
L4,BiLSTM,precomputed_frozen_bert_token_embeddings,10,6,0.7982646420824294
L4,BiLSTM,precomputed_frozen_bert_token_embeddings,10,7,0.7158351409978309
L4,BiLSTM,precomputed_frozen_bert_token_embeddings,10,8,0.5113268608414241
L4,BiLSTM,precomputed_frozen_bert_token_embeddings,10,9,0.7310704960835509
