context_level,algorithm,representation,outer_fold,best_hyperparameter_name,best_hyperparameter,inner_macro_f1,test_accuracy,test_macro_f1,test_weighted_f1
L1,BiLSTM,precomputed_frozen_bert_token_embeddings,1,hidden_dim,256,0.5476388076131986,0.5735,0.571640489723275,0.5716404897232749
L1,BiLSTM,precomputed_frozen_bert_token_embeddings,2,hidden_dim,384,0.5407047139540432,0.5655,0.5644705896378539,0.5644705896378537
L1,BiLSTM,precomputed_frozen_bert_token_embeddings,3,hidden_dim,128,0.5490754980691283,0.555,0.549089108767545,0.5490891087675451
L1,BiLSTM,precomputed_frozen_bert_token_embeddings,4,hidden_dim,384,0.5508265414571393,0.5495,0.5522219152674499,0.5522219152674499
L1,BiLSTM,precomputed_frozen_bert_token_embeddings,5,hidden_dim,256,0.5450494721425115,0.5695,0.5632234236269711,0.5632234236269711
L1,BiLSTM,precomputed_frozen_bert_token_embeddings,6,hidden_dim,384,0.5551287915188235,0.5585,0.5591701910027295,0.5591701910027296
L1,BiLSTM,precomputed_frozen_bert_token_embeddings,7,hidden_dim,384,0.5409259758714096,0.5535,0.5407281382504359,0.540728138250436
L1,BiLSTM,precomputed_frozen_bert_token_embeddings,8,hidden_dim,256,0.5452642518690981,0.566,0.5620923494333951,0.5620923494333951
L1,BiLSTM,precomputed_frozen_bert_token_embeddings,9,hidden_dim,384,0.5493872953492657,0.5635,0.5638116035917417,0.5638116035917417
L1,BiLSTM,precomputed_frozen_bert_token_embeddings,10,hidden_dim,384,0.5454383039574904,0.557,0.549240710849376,0.549240710849376
L2,BiLSTM,precomputed_frozen_bert_token_embeddings,1,hidden_dim,256,0.6797674017666436,0.6845,0.6845615724638143,0.6845615724638144
L2,BiLSTM,precomputed_frozen_bert_token_embeddings,2,hidden_dim,384,0.679332262421542,0.7035,0.6916088000509398,0.6916088000509397
L2,BiLSTM,precomputed_frozen_bert_token_embeddings,3,hidden_dim,128,0.679559060465964,0.685,0.6830266983721217,0.6830266983721216
L2,BiLSTM,precomputed_frozen_bert_token_embeddings,4,hidden_dim,256,0.6811220758015463,0.681,0.6814751862347228,0.6814751862347228
L2,BiLSTM,precomputed_frozen_bert_token_embeddings,5,hidden_dim,256,0.6798672194142007,0.703,0.6998462587355054,0.6998462587355054
L2,BiLSTM,precomputed_frozen_bert_token_embeddings,6,hidden_dim,384,0.6796386988432396,0.6945,0.6901713106509402,0.6901713106509401
L2,BiLSTM,precomputed_frozen_bert_token_embeddings,7,hidden_dim,384,0.6745959327789076,0.684,0.6686318674678355,0.6686318674678358
L2,BiLSTM,precomputed_frozen_bert_token_embeddings,8,hidden_dim,256,0.6732861749633896,0.696,0.6922343313141077,0.6922343313141077
L2,BiLSTM,precomputed_frozen_bert_token_embeddings,9,hidden_dim,384,0.6814892566657709,0.6995,0.6977133776962546,0.6977133776962545
L2,BiLSTM,precomputed_frozen_bert_token_embeddings,10,hidden_dim,256,0.6780789656989509,0.6965,0.694734347707451,0.694734347707451
L3,BiLSTM,precomputed_frozen_bert_token_embeddings,1,hidden_dim,256,0.7092475037310028,0.7285,0.7241473252533199,0.7241473252533196
L3,BiLSTM,precomputed_frozen_bert_token_embeddings,2,hidden_dim,384,0.7066620857739488,0.7375,0.7333781681476406,0.7333781681476407
L3,BiLSTM,precomputed_frozen_bert_token_embeddings,3,hidden_dim,128,0.7104697257516165,0.7105,0.7044833356709235,0.7044833356709236
L3,BiLSTM,precomputed_frozen_bert_token_embeddings,4,hidden_dim,256,0.7065088467074494,0.7315,0.7288849275294925,0.7288849275294926
L3,BiLSTM,precomputed_frozen_bert_token_embeddings,5,hidden_dim,256,0.706771698838789,0.737,0.7348479021793226,0.7348479021793225
L3,BiLSTM,precomputed_frozen_bert_token_embeddings,6,hidden_dim,256,0.7073768486291104,0.7035,0.701828357003424,0.701828357003424
L3,BiLSTM,precomputed_frozen_bert_token_embeddings,7,hidden_dim,384,0.7071450147579128,0.729,0.7200138564252447,0.7200138564252447
L3,BiLSTM,precomputed_frozen_bert_token_embeddings,8,hidden_dim,384,0.7158247539437027,0.722,0.7230914513845874,0.7230914513845873
L3,BiLSTM,precomputed_frozen_bert_token_embeddings,9,hidden_dim,384,0.7127775169489032,0.739,0.7326339957711865,0.7326339957711865
L3,BiLSTM,precomputed_frozen_bert_token_embeddings,10,hidden_dim,256,0.7077145755009949,0.709,0.705074070111989,0.705074070111989
L4,BiLSTM,precomputed_frozen_bert_token_embeddings,1,hidden_dim,256,0.7167561918175999,0.7325,0.7266085933669818,0.7266085933669818
L4,BiLSTM,precomputed_frozen_bert_token_embeddings,2,hidden_dim,256,0.7194043144139846,0.752,0.7478329697632402,0.7478329697632403
L4,BiLSTM,precomputed_frozen_bert_token_embeddings,3,hidden_dim,384,0.7218472535170269,0.72,0.7064303802683964,0.7064303802683964
L4,BiLSTM,precomputed_frozen_bert_token_embeddings,4,hidden_dim,256,0.7255241370193545,0.7445,0.7397515005441757,0.7397515005441758
L4,BiLSTM,precomputed_frozen_bert_token_embeddings,5,hidden_dim,256,0.7204710688570749,0.7515,0.7493243680602457,0.7493243680602459
L4,BiLSTM,precomputed_frozen_bert_token_embeddings,6,hidden_dim,256,0.7191097257873981,0.7305,0.729521416798227,0.7295214167982269
L4,BiLSTM,precomputed_frozen_bert_token_embeddings,7,hidden_dim,384,0.7284058794310942,0.743,0.7308905058874169,0.7308905058874167
L4,BiLSTM,precomputed_frozen_bert_token_embeddings,8,hidden_dim,384,0.7268576353331274,0.727,0.7305462126678227,0.7305462126678228
L4,BiLSTM,precomputed_frozen_bert_token_embeddings,9,hidden_dim,384,0.7200692151877687,0.743,0.7363802287863399,0.7363802287863398
L4,BiLSTM,precomputed_frozen_bert_token_embeddings,10,hidden_dim,256,0.7195364931206297,0.7345,0.7285367706117412,0.728536770611741
