version,level,csv_type,source_folder,source_file,context_level,representation,outer_fold,best_lr,best_inner_macro_f1,test_accuracy,test_macro_f1,test_weighted_f1,lr_scores_json
V3,L2,fold_progress,L2_bert_v3,deberta_L2_stable_deberta_base_bs32_fp32_lr2e5_5e5_8e5_fold_progress.csv,L2,deberta_base_finetune_bs32_fp32,0,5e-05,0.7596954451484977,0.76,0.7592384344400431,0.7592384344400431,"{""2e-05"": 0.756664277107857, ""5e-05"": 0.7596954451484977, ""8e-05"": 0.7558560650527469}"
V3,L2,fold_progress,L2_bert_v3,deberta_L2_stable_deberta_base_bs32_fp32_lr2e5_5e5_8e5_fold_progress.csv,L2,deberta_base_finetune_bs32_fp32,1,2e-05,0.7574942672874038,0.774,0.7741423984269986,0.7741423984269986,"{""2e-05"": 0.7574942672874038, ""5e-05"": 0.7572470578918802, ""8e-05"": 0.7553737160642165}"
V3,L2,fold_progress,L2_bert_v3,deberta_L2_stable_deberta_base_bs32_fp32_lr2e5_5e5_8e5_fold_progress.csv,L2,deberta_base_finetune_bs32_fp32,2,5e-05,0.7618198464071186,0.7685,0.7690841298195477,0.7690841298195475,"{""2e-05"": 0.7561771333830337, ""5e-05"": 0.7618198464071186, ""8e-05"": 0.7561096907497973}"
V3,L2,fold_progress,L2_bert_v3,deberta_L2_stable_deberta_base_bs32_fp32_lr2e5_5e5_8e5_fold_progress.csv,L2,deberta_base_finetune_bs32_fp32,3,5e-05,0.7595250657185098,0.76,0.7595345827049346,0.7595345827049346,"{""2e-05"": 0.7578172592980149, ""5e-05"": 0.7595250657185098, ""8e-05"": 0.7542098236216548}"
V3,L2,fold_progress,L2_bert_v3,deberta_L2_stable_deberta_base_bs32_fp32_lr2e5_5e5_8e5_fold_progress.csv,L2,deberta_base_finetune_bs32_fp32,4,5e-05,0.7604828781492478,0.774,0.7746587719519176,0.7746587719519176,"{""2e-05"": 0.7539896750976709, ""5e-05"": 0.7604828781492478, ""8e-05"": 0.7533603624594384}"
V3,L2,fold_progress,L2_bert_v3,deberta_L2_stable_deberta_base_bs32_fp32_lr2e5_5e5_8e5_fold_progress.csv,L2,deberta_base_finetune_bs32_fp32,5,5e-05,0.7604943060916005,0.754,0.7547997600793916,0.7547997600793916,"{""2e-05"": 0.760088303919642, ""5e-05"": 0.7604943060916005, ""8e-05"": 0.7551219809546446}"
V3,L2,fold_progress,L2_bert_v3,deberta_L2_stable_deberta_base_bs32_fp32_lr2e5_5e5_8e5_fold_progress.csv,L2,deberta_base_finetune_bs32_fp32,6,2e-05,0.7587983435112061,0.759,0.7589220903115506,0.7589220903115504,"{""2e-05"": 0.7587983435112061, ""5e-05"": 0.7587703370990164, ""8e-05"": 0.758174362904338}"
V3,L2,fold_progress,L2_bert_v3,deberta_L2_stable_deberta_base_bs32_fp32_lr2e5_5e5_8e5_fold_progress.csv,L2,deberta_base_finetune_bs32_fp32,7,5e-05,0.7578012150146965,0.777,0.7756942181560997,0.7756942181560997,"{""2e-05"": 0.7542415677046765, ""5e-05"": 0.7578012150146965, ""8e-05"": 0.7567327952212178}"
V3,L2,fold_progress,L2_bert_v3,deberta_L2_stable_deberta_base_bs32_fp32_lr2e5_5e5_8e5_fold_progress.csv,L2,deberta_base_finetune_bs32_fp32,8,5e-05,0.7616089256017454,0.789,0.7886955888176029,0.7886955888176028,"{""2e-05"": 0.7539112403723401, ""5e-05"": 0.7616089256017454, ""8e-05"": 0.7547951813496891}"
V3,L2,fold_progress,L2_bert_v3,deberta_L2_stable_deberta_base_bs32_fp32_lr2e5_5e5_8e5_fold_progress.csv,L2,deberta_base_finetune_bs32_fp32,9,5e-05,0.7583112278390792,0.7585,0.7585236960999773,0.7585236960999774,"{""2e-05"": 0.757112338364561, ""5e-05"": 0.7583112278390792, ""8e-05"": 0.7556012320629385}"
V3,L3,fold_progress,L3_bert_v3,deberta_L3_stable_deberta_base_bs32_fp32_lr2e5_5e5_8e5_fold_progress (2).csv,L3,deberta_base_finetune_bs32_fp32,0,5e-05,0.8052846463588068,0.807,0.8069584427003926,0.8069584427003927,"{""2e-05"": 0.8018502389816017, ""5e-05"": 0.8052846463588068, ""8e-05"": 0.8026136353881963}"
V3,L3,fold_progress,L3_bert_v3,deberta_L3_stable_deberta_base_bs32_fp32_lr2e5_5e5_8e5_fold_progress (2).csv,L3,deberta_base_finetune_bs32_fp32,1,5e-05,0.8087764392017828,0.8145,0.8144626336141869,0.8144626336141868,"{""2e-05"": 0.8046985193716941, ""5e-05"": 0.8087764392017828, ""8e-05"": 0.801406974919553}"
V3,L3,fold_progress,L3_bert_v3,deberta_L3_stable_deberta_base_bs32_fp32_lr2e5_5e5_8e5_fold_progress (2).csv,L3,deberta_base_finetune_bs32_fp32,2,5e-05,0.8066521384517408,0.806,0.8062384492663639,0.806238449266364,"{""2e-05"": 0.8035489812485318, ""5e-05"": 0.8066521384517408, ""8e-05"": 0.8033640450058614}"
V3,L3,fold_progress,L3_bert_v3,deberta_L3_stable_deberta_base_bs32_fp32_lr2e5_5e5_8e5_fold_progress (2).csv,L3,deberta_base_finetune_bs32_fp32,3,2e-05,0.8058968134789576,0.8125,0.8119654553706592,0.8119654553706591,"{""2e-05"": 0.8058968134789576, ""5e-05"": 0.8037421251688204, ""8e-05"": 0.8029542222210334}"
V3,L3,fold_progress,L3_bert_v3,deberta_L3_stable_deberta_base_bs32_fp32_lr2e5_5e5_8e5_fold_progress (2).csv,L3,deberta_base_finetune_bs32_fp32,4,5e-05,0.8041383667123965,0.825,0.8249756032202497,0.8249756032202494,"{""2e-05"": 0.7985014382025867, ""5e-05"": 0.8041383667123965, ""8e-05"": 0.7975452741350145}"
V3,L3,fold_progress,L3_bert_v3,deberta_L3_stable_deberta_base_bs32_fp32_lr2e5_5e5_8e5_fold_progress (2).csv,L3,deberta_base_finetune_bs32_fp32,5,5e-05,0.8068377304780517,0.8055,0.8062479624325075,0.8062479624325077,"{""2e-05"": 0.8052474551069847, ""5e-05"": 0.8068377304780517, ""8e-05"": 0.800589677488628}"
V3,L3,fold_progress,L3_bert_v3,deberta_L3_stable_deberta_base_bs32_fp32_lr2e5_5e5_8e5_fold_progress (2).csv,L3,deberta_base_finetune_bs32_fp32,6,2e-05,0.8070617218939796,0.813,0.8117872269870814,0.8117872269870813,"{""2e-05"": 0.8070617218939796, ""5e-05"": 0.8054014682310617, ""8e-05"": 0.8011195874997014}"
V3,L3,fold_progress,L3_bert_v3,deberta_L3_stable_deberta_base_bs32_fp32_lr2e5_5e5_8e5_fold_progress (2).csv,L3,deberta_base_finetune_bs32_fp32,7,2e-05,0.8068608946587944,0.8015,0.8004471113864404,0.8004471113864404,"{""2e-05"": 0.8068608946587944, ""5e-05"": 0.805665101427581, ""8e-05"": 0.8066500801834926}"
V3,L3,fold_progress,L3_bert_v3,deberta_L3_stable_deberta_base_bs32_fp32_lr2e5_5e5_8e5_fold_progress (2).csv,L3,deberta_base_finetune_bs32_fp32,8,2e-05,0.8033394780172317,0.8285,0.8281391052776854,0.8281391052776854,"{""2e-05"": 0.8033394780172317, ""5e-05"": 0.7993754223753351, ""8e-05"": 0.7983254473584047}"
V3,L3,fold_progress,L3_bert_v3,deberta_L3_stable_deberta_base_bs32_fp32_lr2e5_5e5_8e5_fold_progress (2).csv,L3,deberta_base_finetune_bs32_fp32,9,5e-05,0.8044881465842968,0.8035,0.8046016406502418,0.8046016406502416,"{""2e-05"": 0.8029549758100075, ""5e-05"": 0.8044881465842968, ""8e-05"": 0.8008679229731684}"
V3,L4,fold_progress,L4_bert_v3,deberta_L4_stable_deberta_base_bs32_fp32_lr2e5_5e5_8e5_fold_progress.csv,L4,deberta_base_finetune_bs32_fp32,0,2e-05,0.8242250988962496,0.827,0.8264332622257863,0.8264332622257862,"{""2e-05"": 0.8242250988962496, ""5e-05"": 0.8242067691844573, ""8e-05"": 0.8232906734886724}"
V3,L4,fold_progress,L4_bert_v3,deberta_L4_stable_deberta_base_bs32_fp32_lr2e5_5e5_8e5_fold_progress.csv,L4,deberta_base_finetune_bs32_fp32,1,5e-05,0.8238502041754133,0.838,0.8373717197964125,0.8373717197964126,"{""2e-05"": 0.8224544694726829, ""5e-05"": 0.8238502041754133, ""8e-05"": 0.8200202376091433}"
V3,L4,fold_progress,L4_bert_v3,deberta_L4_stable_deberta_base_bs32_fp32_lr2e5_5e5_8e5_fold_progress.csv,L4,deberta_base_finetune_bs32_fp32,2,5e-05,0.8261325563078866,0.841,0.8414466397715762,0.8414466397715761,"{""2e-05"": 0.8205486356526123, ""5e-05"": 0.8261325563078866, ""8e-05"": 0.8255801930010125}"
V3,L4,fold_progress,L4_bert_v3,deberta_L4_stable_deberta_base_bs32_fp32_lr2e5_5e5_8e5_fold_progress.csv,L4,deberta_base_finetune_bs32_fp32,3,5e-05,0.8243586379619742,0.8315,0.8312951479255977,0.8312951479255977,"{""2e-05"": 0.8218788216730601, ""5e-05"": 0.8243586379619742, ""8e-05"": 0.8227742978539921}"
V3,L4,fold_progress,L4_bert_v3,deberta_L4_stable_deberta_base_bs32_fp32_lr2e5_5e5_8e5_fold_progress.csv,L4,deberta_base_finetune_bs32_fp32,4,5e-05,0.824887716058739,0.843,0.8427648363314155,0.8427648363314156,"{""2e-05"": 0.817211563266851, ""5e-05"": 0.824887716058739, ""8e-05"": 0.8210278306472208}"
V3,L4,fold_progress,L4_bert_v3,deberta_L4_stable_deberta_base_bs32_fp32_lr2e5_5e5_8e5_fold_progress.csv,L4,deberta_base_finetune_bs32_fp32,5,5e-05,0.8276949266552537,0.826,0.8254540856681876,0.8254540856681877,"{""2e-05"": 0.8257335188398223, ""5e-05"": 0.8276949266552537, ""8e-05"": 0.8246107783729139}"
V3,L4,fold_progress,L4_bert_v3,deberta_L4_stable_deberta_base_bs32_fp32_lr2e5_5e5_8e5_fold_progress.csv,L4,deberta_base_finetune_bs32_fp32,6,5e-05,0.8239267457659007,0.834,0.8325095722623267,0.8325095722623266,"{""2e-05"": 0.8234171020399471, ""5e-05"": 0.8239267457659007, ""8e-05"": 0.82169865032931}"
V3,L4,fold_progress,L4_bert_v3,deberta_L4_stable_deberta_base_bs32_fp32_lr2e5_5e5_8e5_fold_progress.csv,L4,deberta_base_finetune_bs32_fp32,7,5e-05,0.8312739440349523,0.8415,0.8403036016272987,0.8403036016272987,"{""2e-05"": 0.8237733976856534, ""5e-05"": 0.8312739440349523, ""8e-05"": 0.8231477252147407}"
V3,L4,fold_progress,L4_bert_v3,deberta_L4_stable_deberta_base_bs32_fp32_lr2e5_5e5_8e5_fold_progress.csv,L4,deberta_base_finetune_bs32_fp32,8,5e-05,0.8262085692672989,0.8435,0.8433388208145279,0.843338820814528,"{""2e-05"": 0.8185950322983068, ""5e-05"": 0.8262085692672989, ""8e-05"": 0.8219754342601809}"
V3,L4,fold_progress,L4_bert_v3,deberta_L4_stable_deberta_base_bs32_fp32_lr2e5_5e5_8e5_fold_progress.csv,L4,deberta_base_finetune_bs32_fp32,9,5e-05,0.8226963080547529,0.832,0.8328609164072528,0.8328609164072529,"{""2e-05"": 0.8193043514287428, ""5e-05"": 0.8226963080547529, ""8e-05"": 0.8222515098690651}"
