context_level,model,outer_fold,label,f1
L1,bilstm_word2vec,1,0,0.334051724137931
L1,bilstm_word2vec,1,1,0.24041811846689898
L1,bilstm_word2vec,1,2,0.06569343065693431
L1,bilstm_word2vec,1,3,0.32929782082324455
L1,bilstm_word2vec,1,4,0.0
L1,bilstm_word2vec,1,5,0.08602150537634409
L1,bilstm_word2vec,1,6,0.37845705967976717
L1,bilstm_word2vec,1,7,0.0
L1,bilstm_word2vec,1,8,0.040983606557377046
L1,bilstm_word2vec,1,9,0.0
L1,bilstm_word2vec,2,0,0.38248175182481753
L1,bilstm_word2vec,2,1,0.24369747899159663
L1,bilstm_word2vec,2,2,0.11522633744855969
L1,bilstm_word2vec,2,3,0.4113110539845758
L1,bilstm_word2vec,2,4,0.26666666666666666
L1,bilstm_word2vec,2,5,0.16417910447761194
L1,bilstm_word2vec,2,6,0.4352078239608802
L1,bilstm_word2vec,2,7,0.06818181818181818
L1,bilstm_word2vec,2,8,0.12727272727272726
L1,bilstm_word2vec,2,9,0.13029315960912052
L1,bilstm_word2vec,3,0,0.38095238095238104
L1,bilstm_word2vec,3,1,0.0
L1,bilstm_word2vec,3,2,0.08108108108108109
L1,bilstm_word2vec,3,3,0.30964467005076146
L1,bilstm_word2vec,3,4,0.2377622377622378
L1,bilstm_word2vec,3,5,0.054794520547945195
L1,bilstm_word2vec,3,6,0.45848375451263534
L1,bilstm_word2vec,3,7,0.3042071197411003
L1,bilstm_word2vec,3,8,0.2865671641791045
L1,bilstm_word2vec,3,9,0.1564245810055866
L1,bilstm_word2vec,4,0,0.028301886792452827
L1,bilstm_word2vec,4,1,0.28719275549805956
L1,bilstm_word2vec,4,2,0.3539823008849557
L1,bilstm_word2vec,4,3,0.056872037914691934
L1,bilstm_word2vec,4,4,0.30615640599001664
L1,bilstm_word2vec,4,5,0.03652968036529681
L1,bilstm_word2vec,4,6,0.0196078431372549
L1,bilstm_word2vec,4,7,0.185929648241206
L1,bilstm_word2vec,4,8,0.06504065040650407
L1,bilstm_word2vec,4,9,0.20524017467248906
L1,bilstm_word2vec,5,0,0.3387622149837134
L1,bilstm_word2vec,5,1,0.1568627450980392
L1,bilstm_word2vec,5,2,0.00980392156862745
L1,bilstm_word2vec,5,3,0.33333333333333337
L1,bilstm_word2vec,5,4,0.13099041533546324
L1,bilstm_word2vec,5,5,0.0
L1,bilstm_word2vec,5,6,0.4041604754829123
L1,bilstm_word2vec,5,7,0.2236024844720497
L1,bilstm_word2vec,5,8,0.280225988700565
L1,bilstm_word2vec,5,9,0.0
L1,bilstm_word2vec,6,0,0.36481241914618373
L1,bilstm_word2vec,6,1,0.24431818181818182
L1,bilstm_word2vec,6,2,0.09811320754716982
L1,bilstm_word2vec,6,3,0.2877697841726619
L1,bilstm_word2vec,6,4,0.05555555555555555
L1,bilstm_word2vec,6,5,0.1851106639839034
L1,bilstm_word2vec,6,6,0.401883830455259
L1,bilstm_word2vec,6,7,0.047619047619047616
L1,bilstm_word2vec,6,8,0.21545667447306793
L1,bilstm_word2vec,6,9,0.0749063670411985
L1,bilstm_word2vec,7,0,0.4096045197740113
L1,bilstm_word2vec,7,1,0.125
L1,bilstm_word2vec,7,2,0.17142857142857143
L1,bilstm_word2vec,7,3,0.4201183431952662
L1,bilstm_word2vec,7,4,0.11464968152866241
L1,bilstm_word2vec,7,5,0.07692307692307691
L1,bilstm_word2vec,7,6,0.3755215577190542
L1,bilstm_word2vec,7,7,0.009708737864077669
L1,bilstm_word2vec,7,8,0.3056478405315615
L1,bilstm_word2vec,7,9,0.03686635944700461
L1,bilstm_word2vec,8,0,0.34467120181405897
L1,bilstm_word2vec,8,1,0.0
L1,bilstm_word2vec,8,2,0.2560706401766004
L1,bilstm_word2vec,8,3,0.3163841807909605
L1,bilstm_word2vec,8,4,0.28054298642533937
L1,bilstm_word2vec,8,5,0.26497695852534564
L1,bilstm_word2vec,8,6,0.019417475728155338
L1,bilstm_word2vec,8,7,0.20210526315789473
L1,bilstm_word2vec,8,8,0.0
L1,bilstm_word2vec,8,9,0.13850415512465375
L1,bilstm_word2vec,9,0,0.29141716566866266
L1,bilstm_word2vec,9,1,0.0
L1,bilstm_word2vec,9,2,0.0
L1,bilstm_word2vec,9,3,0.27936507936507937
L1,bilstm_word2vec,9,4,0.0
L1,bilstm_word2vec,9,5,0.0
L1,bilstm_word2vec,9,6,0.363103953147877
L1,bilstm_word2vec,9,7,0.0
L1,bilstm_word2vec,9,8,0.2975
L1,bilstm_word2vec,9,9,0.0
L1,bilstm_word2vec,10,0,0.37369207772795215
L1,bilstm_word2vec,10,1,0.29865361077111385
L1,bilstm_word2vec,10,2,0.2826086956521739
L1,bilstm_word2vec,10,3,0.3783783783783784
L1,bilstm_word2vec,10,4,0.30000000000000004
L1,bilstm_word2vec,10,5,0.0
L1,bilstm_word2vec,10,6,0.45614035087719296
L1,bilstm_word2vec,10,7,0.08540925266903915
L1,bilstm_word2vec,10,8,0.0
L1,bilstm_word2vec,10,9,0.009950248756218907
L2,bilstm_word2vec,1,0,0.5818181818181818
L2,bilstm_word2vec,1,1,0.33802816901408456
L2,bilstm_word2vec,1,2,0.39541547277936956
L2,bilstm_word2vec,1,3,0.6327077747989277
L2,bilstm_word2vec,1,4,0.15686274509803924
L2,bilstm_word2vec,1,5,0.14556962025316458
L2,bilstm_word2vec,1,6,0.5
L2,bilstm_word2vec,1,7,0.450402144772118
L2,bilstm_word2vec,1,8,0.24855491329479767
L2,bilstm_word2vec,1,9,0.3567839195979899
L2,bilstm_word2vec,2,0,0.48735632183908045
L2,bilstm_word2vec,2,1,0.32244897959183677
L2,bilstm_word2vec,2,2,0.4197530864197531
L2,bilstm_word2vec,2,3,0.6394230769230769
L2,bilstm_word2vec,2,4,0.09282700421940927
L2,bilstm_word2vec,2,5,0.17846153846153845
L2,bilstm_word2vec,2,6,0.467065868263473
L2,bilstm_word2vec,2,7,0.26666666666666666
L2,bilstm_word2vec,2,8,0.28940568475452194
L2,bilstm_word2vec,2,9,0.3504273504273504
L2,bilstm_word2vec,3,0,0.5490196078431372
L2,bilstm_word2vec,3,1,0.14598540145985403
L2,bilstm_word2vec,3,2,0.33810888252148996
L2,bilstm_word2vec,3,3,0.5642023346303502
L2,bilstm_word2vec,3,4,0.18941504178272986
L2,bilstm_word2vec,3,5,0.04484304932735426
L2,bilstm_word2vec,3,6,0.4384
L2,bilstm_word2vec,3,7,0.3804034582132565
L2,bilstm_word2vec,3,8,0.3636363636363636
L2,bilstm_word2vec,3,9,0.2834331337325349
L2,bilstm_word2vec,4,0,0.5256410256410257
L2,bilstm_word2vec,4,1,0.3273381294964029
L2,bilstm_word2vec,4,2,0.4776785714285714
L2,bilstm_word2vec,4,3,0.583941605839416
L2,bilstm_word2vec,4,4,0.35535307517084286
L2,bilstm_word2vec,4,5,0.12549019607843137
L2,bilstm_word2vec,4,6,0.5206812652068127
L2,bilstm_word2vec,4,7,0.30935251798561153
L2,bilstm_word2vec,4,8,0.1971830985915493
L2,bilstm_word2vec,4,9,0.22163588390501318
L2,bilstm_word2vec,5,0,0.44692737430167606
L2,bilstm_word2vec,5,1,0.2540415704387991
L2,bilstm_word2vec,5,2,0.38317757009345793
L2,bilstm_word2vec,5,3,0.493006993006993
L2,bilstm_word2vec,5,4,0.06477732793522267
L2,bilstm_word2vec,5,5,0.136986301369863
L2,bilstm_word2vec,5,6,0.3926605504587156
L2,bilstm_word2vec,5,7,0.16286644951140064
L2,bilstm_word2vec,5,8,0.34805194805194806
L2,bilstm_word2vec,5,9,0.11023622047244096
L2,bilstm_word2vec,6,0,0.55625
L2,bilstm_word2vec,6,1,0.009950248756218907
L2,bilstm_word2vec,6,2,0.42631578947368426
L2,bilstm_word2vec,6,3,0.6588235294117648
L2,bilstm_word2vec,6,4,0.3155080213903743
L2,bilstm_word2vec,6,5,0.019417475728155338
L2,bilstm_word2vec,6,6,0.0
L2,bilstm_word2vec,6,7,0.4207492795389049
L2,bilstm_word2vec,6,8,0.1111111111111111
L2,bilstm_word2vec,6,9,0.25697503671071953
L2,bilstm_word2vec,7,0,0.46365422396856587
L2,bilstm_word2vec,7,1,0.1520912547528517
L2,bilstm_word2vec,7,2,0.4195804195804196
L2,bilstm_word2vec,7,3,0.5925925925925927
L2,bilstm_word2vec,7,4,0.1836734693877551
L2,bilstm_word2vec,7,5,0.07142857142857142
L2,bilstm_word2vec,7,6,0.41255605381165916
L2,bilstm_word2vec,7,7,0.30914826498422715
L2,bilstm_word2vec,7,8,0.3409490333919156
L2,bilstm_word2vec,7,9,0.24712643678160917
L2,bilstm_word2vec,8,0,0.501010101010101
L2,bilstm_word2vec,8,1,0.28502415458937197
L2,bilstm_word2vec,8,2,0.42631578947368426
L2,bilstm_word2vec,8,3,0.6323907455012853
L2,bilstm_word2vec,8,4,0.21118012422360247
L2,bilstm_word2vec,8,5,0.2595419847328244
L2,bilstm_word2vec,8,6,0.49721706864564014
L2,bilstm_word2vec,8,7,0.28975265017667845
L2,bilstm_word2vec,8,8,0.3185011709601874
L2,bilstm_word2vec,8,9,0.25698324022346375
L2,bilstm_word2vec,9,0,0.2823529411764706
L2,bilstm_word2vec,9,1,0.1870967741935484
L2,bilstm_word2vec,9,2,0.3966005665722379
L2,bilstm_word2vec,9,3,0.5924369747899161
L2,bilstm_word2vec,9,4,0.189873417721519
L2,bilstm_word2vec,9,5,0.14666666666666667
L2,bilstm_word2vec,9,6,0.4378698224852071
L2,bilstm_word2vec,9,7,0.4140625
L2,bilstm_word2vec,9,8,0.2977777777777778
L2,bilstm_word2vec,9,9,0.25
L2,bilstm_word2vec,10,0,0.4420289855072464
L2,bilstm_word2vec,10,1,0.2963917525773196
L2,bilstm_word2vec,10,2,0.3879310344827586
L2,bilstm_word2vec,10,3,0.579646017699115
L2,bilstm_word2vec,10,4,0.25654450261780104
L2,bilstm_word2vec,10,5,0.06872852233676977
L2,bilstm_word2vec,10,6,0.425531914893617
L2,bilstm_word2vec,10,7,0.13636363636363635
L2,bilstm_word2vec,10,8,0.05833333333333334
L2,bilstm_word2vec,10,9,0.0
L3,bilstm_word2vec,1,0,0.6411483253588517
L3,bilstm_word2vec,1,1,0.34210526315789475
L3,bilstm_word2vec,1,2,0.47817836812144215
L3,bilstm_word2vec,1,3,0.7043701799485862
L3,bilstm_word2vec,1,4,0.2145593869731801
L3,bilstm_word2vec,1,5,0.33628318584070793
L3,bilstm_word2vec,1,6,0.6274509803921569
L3,bilstm_word2vec,1,7,0.3505154639175258
L3,bilstm_word2vec,1,8,0.22525597269624573
L3,bilstm_word2vec,1,9,0.39618138424821
L3,bilstm_word2vec,2,0,0.5809128630705395
L3,bilstm_word2vec,2,1,0.38207547169811323
L3,bilstm_word2vec,2,2,0.41714285714285715
L3,bilstm_word2vec,2,3,0.7344913151364765
L3,bilstm_word2vec,2,4,0.17663817663817666
L3,bilstm_word2vec,2,5,0.4020356234096692
L3,bilstm_word2vec,2,6,0.49287749287749294
L3,bilstm_word2vec,2,7,0.4097859327217126
L3,bilstm_word2vec,2,8,0.06986899563318778
L3,bilstm_word2vec,2,9,0.3834808259587021
L3,bilstm_word2vec,3,0,0.6909090909090909
L3,bilstm_word2vec,3,1,0.3915094339622642
L3,bilstm_word2vec,3,2,0.567741935483871
L3,bilstm_word2vec,3,3,0.6927083333333334
L3,bilstm_word2vec,3,4,0.38436482084690554
L3,bilstm_word2vec,3,5,0.4898785425101214
L3,bilstm_word2vec,3,6,0.6639676113360322
L3,bilstm_word2vec,3,7,0.5284974093264249
L3,bilstm_word2vec,3,8,0.22295081967213118
L3,bilstm_word2vec,3,9,0.4044943820224719
L3,bilstm_word2vec,4,0,0.48580441640378547
L3,bilstm_word2vec,4,1,0.3206521739130434
L3,bilstm_word2vec,4,2,0.48095238095238096
L3,bilstm_word2vec,4,3,0.6984126984126984
L3,bilstm_word2vec,4,4,0.3642172523961661
L3,bilstm_word2vec,4,5,0.26334519572953735
L3,bilstm_word2vec,4,6,0.6333333333333333
L3,bilstm_word2vec,4,7,0.31329113924050633
L3,bilstm_word2vec,4,8,0.009852216748768473
L3,bilstm_word2vec,4,9,0.22792022792022792
L3,bilstm_word2vec,5,0,0.6318289786223278
L3,bilstm_word2vec,5,1,0.41666666666666663
L3,bilstm_word2vec,5,2,0.4841269841269842
L3,bilstm_word2vec,5,3,0.6696629213483146
L3,bilstm_word2vec,5,4,0.31331592689295035
L3,bilstm_word2vec,5,5,0.42105263157894746
L3,bilstm_word2vec,5,6,0.6425339366515836
L3,bilstm_word2vec,5,7,0.40243902439024387
L3,bilstm_word2vec,5,8,0.10212765957446808
L3,bilstm_word2vec,5,9,0.26865671641791045
L3,bilstm_word2vec,6,0,0.563467492260062
L3,bilstm_word2vec,6,1,0.3
L3,bilstm_word2vec,6,2,0.5257985257985258
L3,bilstm_word2vec,6,3,0.6538461538461539
L3,bilstm_word2vec,6,4,0.4254385964912281
L3,bilstm_word2vec,6,5,0.42366412213740456
L3,bilstm_word2vec,6,6,0.616867469879518
L3,bilstm_word2vec,6,7,0.4351851851851852
L3,bilstm_word2vec,6,8,0.17228464419475656
L3,bilstm_word2vec,6,9,0.4607843137254902
L3,bilstm_word2vec,7,0,0.5308310991957105
L3,bilstm_word2vec,7,1,0.16
L3,bilstm_word2vec,7,2,0.4702549575070821
L3,bilstm_word2vec,7,3,0.6992665036674817
L3,bilstm_word2vec,7,4,0.2846975088967972
L3,bilstm_word2vec,7,5,0.4554079696394687
L3,bilstm_word2vec,7,6,0.6178489702517163
L3,bilstm_word2vec,7,7,0.2825278810408922
L3,bilstm_word2vec,7,8,0.368421052631579
L3,bilstm_word2vec,7,9,0.41083521444695265
L3,bilstm_word2vec,8,0,0.6341463414634146
L3,bilstm_word2vec,8,1,0.13382899628252787
L3,bilstm_word2vec,8,2,0.6033254156769595
L3,bilstm_word2vec,8,3,0.7333333333333334
L3,bilstm_word2vec,8,4,0.33618233618233617
L3,bilstm_word2vec,8,5,0.43731778425655976
L3,bilstm_word2vec,8,6,0.5971731448763251
L3,bilstm_word2vec,8,7,0.4054054054054054
L3,bilstm_word2vec,8,8,0.3669724770642202
L3,bilstm_word2vec,8,9,0.40896358543417366
L3,bilstm_word2vec,9,0,0.5152224824355972
L3,bilstm_word2vec,9,1,0.3804347826086956
L3,bilstm_word2vec,9,2,0.4031007751937985
L3,bilstm_word2vec,9,3,0.6967418546365914
L3,bilstm_word2vec,9,4,0.420062695924765
L3,bilstm_word2vec,9,5,0.4223300970873786
L3,bilstm_word2vec,9,6,0.5714285714285714
L3,bilstm_word2vec,9,7,0.08490566037735849
L3,bilstm_word2vec,9,8,0.2108626198083067
L3,bilstm_word2vec,9,9,0.3220338983050847
L3,bilstm_word2vec,10,0,0.6196581196581197
L3,bilstm_word2vec,10,1,0.21288515406162464
L3,bilstm_word2vec,10,2,0.5251989389920425
L3,bilstm_word2vec,10,3,0.6445497630331753
L3,bilstm_word2vec,10,4,0.30656934306569344
L3,bilstm_word2vec,10,5,0.3673469387755102
L3,bilstm_word2vec,10,6,0.6188340807174888
L3,bilstm_word2vec,10,7,0.4431818181818182
L3,bilstm_word2vec,10,8,0.363939899833055
L3,bilstm_word2vec,10,9,0.3194888178913738
L4,bilstm_word2vec,1,0,0.6616541353383459
L4,bilstm_word2vec,1,1,0.31097560975609756
L4,bilstm_word2vec,1,2,0.5621181262729124
L4,bilstm_word2vec,1,3,0.743455497382199
L4,bilstm_word2vec,1,4,0.5058823529411766
L4,bilstm_word2vec,1,5,0.4898710865561694
L4,bilstm_word2vec,1,6,0.6624203821656051
L4,bilstm_word2vec,1,7,0.5666666666666667
L4,bilstm_word2vec,1,8,0.1589958158995816
L4,bilstm_word2vec,1,9,0.5011185682326621
L4,bilstm_word2vec,2,0,0.5666041275797373
L4,bilstm_word2vec,2,1,0.4
L4,bilstm_word2vec,2,2,0.5446623093681917
L4,bilstm_word2vec,2,3,0.7000000000000001
L4,bilstm_word2vec,2,4,0.5603448275862069
L4,bilstm_word2vec,2,5,0.4223300970873786
L4,bilstm_word2vec,2,6,0.6470588235294118
L4,bilstm_word2vec,2,7,0.3279742765273312
L4,bilstm_word2vec,2,8,0.36
L4,bilstm_word2vec,2,9,0.3543543543543543
L4,bilstm_word2vec,3,0,0.6
L4,bilstm_word2vec,3,1,0.34986945169712796
L4,bilstm_word2vec,3,2,0.4671328671328671
L4,bilstm_word2vec,3,3,0.41355932203389834
L4,bilstm_word2vec,3,4,0.4444444444444445
L4,bilstm_word2vec,3,5,0.2827586206896551
L4,bilstm_word2vec,3,6,0.6326530612244898
L4,bilstm_word2vec,3,7,0.3018867924528301
L4,bilstm_word2vec,3,8,0.3177570093457944
L4,bilstm_word2vec,3,9,0.26578073089701
L4,bilstm_word2vec,4,0,0.6191536748329621
L4,bilstm_word2vec,4,1,0.34586466165413526
L4,bilstm_word2vec,4,2,0.588957055214724
L4,bilstm_word2vec,4,3,0.6783919597989949
L4,bilstm_word2vec,4,4,0.5404040404040404
L4,bilstm_word2vec,4,5,0.31250000000000006
L4,bilstm_word2vec,4,6,0.671875
L4,bilstm_word2vec,4,7,0.398876404494382
L4,bilstm_word2vec,4,8,0.3621621621621622
L4,bilstm_word2vec,4,9,0.4766584766584767
L4,bilstm_word2vec,5,0,0.6576576576576576
L4,bilstm_word2vec,5,1,0.46415094339622637
L4,bilstm_word2vec,5,2,0.6189376443418013
L4,bilstm_word2vec,5,3,0.6706586826347306
L4,bilstm_word2vec,5,4,0.5287958115183246
L4,bilstm_word2vec,5,5,0.4473684210526316
L4,bilstm_word2vec,5,6,0.7385321100917431
L4,bilstm_word2vec,5,7,0.6436170212765957
L4,bilstm_word2vec,5,8,0.31186440677966104
L4,bilstm_word2vec,5,9,0.46153846153846156
L4,bilstm_word2vec,6,0,0.5752212389380531
L4,bilstm_word2vec,6,1,0.4560669456066946
L4,bilstm_word2vec,6,2,0.541871921182266
L4,bilstm_word2vec,6,3,0.685968819599109
L4,bilstm_word2vec,6,4,0.51
L4,bilstm_word2vec,6,5,0.445
L4,bilstm_word2vec,6,6,0.7043478260869566
L4,bilstm_word2vec,6,7,0.393103448275862
L4,bilstm_word2vec,6,8,0.3280757097791798
L4,bilstm_word2vec,6,9,0.4482758620689655
L4,bilstm_word2vec,7,0,0.5541125541125541
L4,bilstm_word2vec,7,1,0.38877755511022044
L4,bilstm_word2vec,7,2,0.5683760683760685
L4,bilstm_word2vec,7,3,0.7390029325513195
L4,bilstm_word2vec,7,4,0.36363636363636365
L4,bilstm_word2vec,7,5,0.27450980392156865
L4,bilstm_word2vec,7,6,0.5794701986754967
L4,bilstm_word2vec,7,7,0.4771573604060913
L4,bilstm_word2vec,7,8,0.3738872403560831
L4,bilstm_word2vec,7,9,0.25925925925925924
L4,bilstm_word2vec,8,0,0.6068965517241379
L4,bilstm_word2vec,8,1,0.3515151515151515
L4,bilstm_word2vec,8,2,0.5593220338983051
L4,bilstm_word2vec,8,3,0.6043737574552683
L4,bilstm_word2vec,8,4,0.37900874635568516
L4,bilstm_word2vec,8,5,0.4587155963302752
L4,bilstm_word2vec,8,6,0.6258205689277899
L4,bilstm_word2vec,8,7,0.3765432098765432
L4,bilstm_word2vec,8,8,0.3798219584569733
L4,bilstm_word2vec,8,9,0.4352617079889807
L4,bilstm_word2vec,9,0,0.6247086247086248
L4,bilstm_word2vec,9,1,0.3209876543209877
L4,bilstm_word2vec,9,2,0.4835164835164835
L4,bilstm_word2vec,9,3,0.6981627296587927
L4,bilstm_word2vec,9,4,0.5077720207253886
L4,bilstm_word2vec,9,5,0.3448275862068966
L4,bilstm_word2vec,9,6,0.6487804878048781
L4,bilstm_word2vec,9,7,0.4133611691022965
L4,bilstm_word2vec,9,8,0.33175355450236965
L4,bilstm_word2vec,9,9,0.33757961783439494
L4,bilstm_word2vec,10,0,0.6351706036745407
L4,bilstm_word2vec,10,1,0.41604010025062654
L4,bilstm_word2vec,10,2,0.54337899543379
L4,bilstm_word2vec,10,3,0.6200466200466201
L4,bilstm_word2vec,10,4,0.5258215962441315
L4,bilstm_word2vec,10,5,0.3402061855670104
L4,bilstm_word2vec,10,6,0.6700251889168767
L4,bilstm_word2vec,10,7,0.46616541353383467
L4,bilstm_word2vec,10,8,0.3990147783251231
L4,bilstm_word2vec,10,9,0.4629080118694362
